Iters,训练损失,训练精度,验证损失,验证精度,最佳验证精度,最小验证损失,训练用时(h:m:s),训练设备,学习率
0,2.370181083679199,0.1015625,4.562604280090332,0.1,0.8936,0.7635459768295288,7:58:50,cuda:0,0.001
100,2.2672319860741643,0.15083539603960397,2.12183438911438,0.2034,0.8936,0.7635459768295288,7:58:50,cuda:0,0.001
200,2.1717981627924527,0.1939521144278607,1.9815590427398682,0.2811,0.8936,0.7635459768295288,7:58:50,cuda:0,0.001
300,2.1014654917574402,0.2267701411960133,1.8913759353637696,0.3276,0.8936,0.7635459768295288,7:58:50,cuda:0,0.001
400,2.1337175428774353,0.2539976599063963,6.949994969177246,0.1169,0.8936,0.7635459768295288,7:58:50,cuda:0,0.001
500,2.5775056653254933,0.22440699126092384,2.302674764251709,0.1,0.8936,0.7635459768295288,7:58:50,cuda:0,0.001
600,2.5317503336689104,0.203707075962539,2.302632391357422,0.1,0.8936,0.7635459768295288,7:58:50,cuda:0,0.001
700,2.4990436017991815,0.18920606601248885,2.3026241420745848,0.1,0.8936,0.7635459768295288,7:58:50,cuda:0,0.001
800,2.521531951907872,0.17797172758512964,2.676129228591919,0.1144,0.8936,0.7635459768295288,7:58:50,cuda:0,0.001
900,2.484890179182549,0.17832720077756178,2.0339757373809815,0.2415,0.8936,0.7635459768295288,7:58:50,cuda:0,0.001
1000,2.4392126386566657,0.1866564608847788,1.9667464597702027,0.2924,0.8936,0.7635459768295288,7:58:50,cuda:0,0.001
1100,2.3937946712664653,0.19830010224948874,1.946287230682373,0.3224,0.8936,0.7635459768295288,7:58:50,cuda:0,0.001
1200,2.3711610253198234,0.20578966559016565,2.104463011932373,0.2321,0.8936,0.7635459768295288,7:58:50,cuda:0,0.001
1300,2.3431877974810904,0.2114446100586595,1.9129280763626098,0.3222,0.8936,0.7635459768295288,7:58:50,cuda:0,0.001
1400,2.311900666232875,0.22012568086436288,1.887813076019287,0.3336,0.8936,0.7635459768295288,7:58:50,cuda:0,0.001
1500,2.2817435842005844,0.22848779064922076,1.8267609573364259,0.3623,0.8936,0.7635459768295288,7:58:50,cuda:0,0.001
1600,2.2569706520463346,0.2350832291341044,1.9803571014404298,0.3037,0.8936,0.7635459768295288,7:58:50,cuda:0,0.001
1700,2.2334309530524723,0.241679538099441,1.8481243085861205,0.3675,0.8936,0.7635459768295288,7:58:50,cuda:0,0.001
1800,2.2097372151507573,0.24920550847457626,1.8033226013183594,0.3788,0.8936,0.7635459768295288,7:58:50,cuda:0,0.001
1900,2.1872402554155808,0.25650664648591737,1.7314292701721192,0.4115,0.8936,0.7635459768295288,7:58:50,cuda:0,0.001
2000,2.1674024981673616,0.26268523729131493,1.7500108507156371,0.4083,0.8936,0.7635459768295288,7:58:50,cuda:0,0.001
2100,2.148084931324473,0.2690704460191747,1.7455049461364747,0.4065,0.8936,0.7635459768295288,7:58:50,cuda:0,0.001
2200,2.1291441904680646,0.27586611152162793,1.6834670539855956,0.4369,0.8936,0.7635459768295288,7:58:50,cuda:0,0.001
2300,2.111060600195728,0.2826720763333877,1.7116191303253174,0.4271,0.8936,0.7635459768295288,7:58:50,cuda:0,0.001
2400,2.0955133506691412,0.28820023449713394,1.6674168628692627,0.4577,0.8936,0.7635459768295288,7:58:50,cuda:0,0.001
2500,2.081084193677649,0.29348424212106056,1.6809463581085204,0.4483,0.8936,0.7635459768295288,7:58:50,cuda:0,0.001
2600,2.0651965578913174,0.2996933621933622,1.708558359527588,0.4439,0.8936,0.7635459768295288,7:58:50,cuda:0,0.001
2700,2.0506636249847907,0.3053931218156554,1.6615885093688965,0.4546,0.8936,0.7635459768295288,7:58:50,cuda:0,0.001
2800,2.0376507976820126,0.310512239245991,1.6369631847381592,0.4737,0.8936,0.7635459768295288,7:58:50,cuda:0,0.001
2900,2.0246432744840264,0.31562136110751715,1.5821442958831786,0.5012,0.8936,0.7635459768295288,7:58:50,cuda:0,0.001
3000,2.011052204052087,0.3208769333388919,1.6033375038146973,0.4798,0.8936,0.7635459768295288,7:58:50,cuda:0,0.001
3100,1.9979494782931557,0.3261134869084601,1.5525912899017333,0.5113,0.8936,0.7635459768295288,7:58:50,cuda:0,0.001
3200,1.9850750249053926,0.3315402204502814,1.5828680011749268,0.503,0.8936,0.7635459768295288,7:58:50,cuda:0,0.001
3300,1.9733596300992047,0.3364894443602183,1.5918950435638428,0.4929,0.8936,0.7635459768295288,7:58:50,cuda:0,0.001
3400,1.961127866710755,0.3417175544437905,1.5031822031021118,0.5428,0.8936,0.7635459768295288,7:58:50,cuda:0,0.001
3500,1.9490917442934115,0.3468276515151515,1.499477613067627,0.5425,0.8936,0.7635459768295288,7:58:50,cuda:0,0.001
3600,1.9380575641101778,0.35158177269726554,1.4992668395996094,0.5482,0.8936,0.7635459768295288,7:58:50,cuda:0,0.001
3700,1.9276079666799506,0.3560541394814239,1.511610849761963,0.54,0.8936,0.7635459768295288,7:58:50,cuda:0,0.001
3800,1.9164815512651798,0.36095750633619694,1.445474164199829,0.5733,0.8936,0.7635459768295288,7:58:50,cuda:0,0.001
3900,1.9050331482743976,0.3660783008883615,1.4388830337524414,0.5725,0.8936,0.7635459768295288,7:58:50,cuda:0,0.001
4000,1.8941383941572136,0.37087607104884607,1.4403140991210936,0.5746,0.8936,0.7635459768295288,7:58:50,cuda:0,0.001
4100,1.8851585273258535,0.3747845353590823,1.4363731063842773,0.5673,0.8936,0.7635459768295288,7:58:50,cuda:0,0.001
4200,1.874736038325932,0.3793536690690333,1.4170545640945436,0.5867,0.8936,0.7635459768295288,7:58:50,cuda:0,0.001
4300,1.8644151658352939,0.38394181818181816,1.3892578367233277,0.594,0.8936,0.7635459768295288,7:58:50,cuda:0,0.001
4400,1.8546122565876106,0.38842572850035534,1.3480995052337645,0.6209,0.8936,0.7635459768295288,7:58:50,cuda:0,0.001
4500,1.8454107559845627,0.3926424600416956,1.378639596939087,0.6051,0.8936,0.7635459768295288,7:58:50,cuda:0,0.001
4600,1.8352834872045458,0.3972365737593474,1.360746919631958,0.6001,0.8936,0.7635459768295288,7:58:50,cuda:0,0.001
4700,1.8255104611225306,0.4017220270414138,1.7921790714263917,0.489,0.8936,0.7635459768295288,7:58:50,cuda:0,0.001
4800,1.8164990994103396,0.405810226206609,1.3369266353607179,0.6199,0.8936,0.7635459768295288,7:58:50,cuda:0,0.001
4900,1.8067763417998775,0.41018297508424384,1.3267617986679077,0.6283,0.8936,0.7635459768295288,7:58:50,cuda:0,0.001
5000,1.7973260584386228,0.41447137996597616,1.3359511795043946,0.6276,0.8936,0.7635459768295288,7:58:50,cuda:0,0.001
5100,1.7885316315039728,0.418468996050921,1.781922924041748,0.492,0.8936,0.7635459768295288,7:58:50,cuda:0,0.001
5200,1.7803972132260049,0.42238657412976016,1.331656615447998,0.63,0.8936,0.7635459768295288,7:58:50,cuda:0,0.001
5300,1.7708992075387209,0.42680822063301,1.296917702293396,0.6466,0.8936,0.7635459768295288,7:58:50,cuda:0,0.001
5400,1.762184973822798,0.43080682897449557,1.259458168411255,0.6665,0.8936,0.7635459768295288,7:58:50,cuda:0,0.001
5500,1.7531061431911836,0.43508335986898966,1.3604841571807862,0.6185,0.8936,0.7635459768295288,7:58:50,cuda:0,0.001
5600,1.744774548163689,0.4389799177947549,1.2459019779205323,0.6709,0.8936,0.7635459768295288,7:58:50,cuda:0,0.001
5700,1.7360320537464835,0.44305238555062987,1.243073048400879,0.6687,0.8936,0.7635459768295288,7:58:50,cuda:0,0.001
5800,1.7275829386969255,0.4470571108139585,1.2761748050689696,0.654,0.8936,0.7635459768295288,7:58:50,cuda:0,0.001
5900,1.7200521565124642,0.45064987384178273,1.2727420385360717,0.6724,0.8936,0.7635459768295288,7:58:50,cuda:0,0.001
6000,1.7123745254422116,0.4542186164335008,1.269630269050598,0.6626,0.8936,0.7635459768295288,7:58:50,cuda:0,0.001
6100,1.7042406764626075,0.45807015565080084,1.2222757041931152,0.6829,0.8936,0.7635459768295288,7:58:50,cuda:0,0.001
6200,1.696426837661688,0.4617317858079616,1.2262581279754639,0.6742,0.8936,0.7635459768295288,7:58:50,cuda:0,0.001
6300,1.6893057199202424,0.4651496723590151,1.216272793006897,0.6906,0.8936,0.7635459768295288,7:58:50,cuda:0,0.001
6400,1.6817307216474282,0.46872068021892105,1.211762767791748,0.6864,0.8936,0.7635459768295288,7:58:50,cuda:0,0.001
6500,1.6740604845903029,0.47228396843725945,1.1488591201782226,0.7165,0.8936,0.7635459768295288,7:58:50,cuda:0,0.001
6600,1.6665317321384017,0.4758055344958302,1.1534286685943604,0.717,0.8936,0.7635459768295288,7:58:50,cuda:0,0.001
6700,1.6596847496393836,0.47901301417181696,1.158737961578369,0.7191,0.8936,0.7635459768295288,7:58:50,cuda:0,0.001
6800,1.652561516004465,0.48241716798204465,1.1758845485687255,0.7043,0.8936,0.7635459768295288,7:58:50,cuda:0,0.001
6900,1.6455532263440373,0.48566478416157516,1.1808696760177613,0.7016,0.8936,0.7635459768295288,7:58:50,cuda:0,0.001
7000,1.6384086712763712,0.4890172364494165,1.153736545753479,0.7155,0.8936,0.7635459768295288,7:58:50,cuda:0,0.001
7100,1.6316928483174786,0.4921745603834091,1.216610484313965,0.7001,0.8936,0.7635459768295288,7:58:50,cuda:0,0.001
7200,1.6251056386849736,0.4952978941515794,1.1846642749786378,0.6991,0.8936,0.7635459768295288,7:58:50,cuda:0,0.001
7300,1.6184356893134844,0.4984641155704836,1.1069535488128661,0.7367,0.8936,0.7635459768295288,7:58:50,cuda:0,0.001
7400,1.6115652779058973,0.5016577492646312,1.1219436712265014,0.7318,0.8936,0.7635459768295288,7:58:50,cuda:0,0.001
7500,1.6053020090311634,0.5046058447732314,1.1046334390640258,0.7394,0.8936,0.7635459768295288,7:58:50,cuda:0,0.001
7600,1.5990099036070162,0.5076048130894965,1.1497652276992798,0.7123,0.8936,0.7635459768295288,7:58:50,cuda:0,0.001
7700,1.5925220694348798,0.5106344738509528,1.1255728610992433,0.7272,0.8936,0.7635459768295288,7:58:50,cuda:0,0.001
7800,1.586361260603861,0.5135472967554651,1.081254190826416,0.7523,0.8936,0.7635459768295288,7:58:50,cuda:0,0.001
7900,1.5807593345279636,0.5162000380059543,1.122853374671936,0.7322,0.8936,0.7635459768295288,7:58:50,cuda:0,0.001
8000,1.5746684933779513,0.519104389503972,1.1131567401885987,0.7342,0.8936,0.7635459768295288,7:58:50,cuda:0,0.001
8100,1.5684009370938161,0.5220479783159325,1.1003068727493286,0.7402,0.8936,0.7635459768295288,7:58:50,cuda:0,0.001
8200,1.5623662943603456,0.5248596448404222,1.0639668380737304,0.7586,0.8936,0.7635459768295288,7:58:50,cuda:0,0.001
8300,1.5565436213150732,0.5276414952144095,1.09884315700531,0.747,0.8936,0.7635459768295288,7:58:50,cuda:0,0.001
8400,1.5507943673147697,0.5303578077295406,1.1117803956985473,0.7347,0.8936,0.7635459768295288,7:58:50,cuda:0,0.001
8500,1.5451729171700155,0.5330156744425638,1.0374419975280762,0.7706,0.8936,0.7635459768295288,7:58:50,cuda:0,0.001
8600,1.5395844832083314,0.5356598661720853,1.0399971294403076,0.7748,0.8936,0.7635459768295288,7:58:50,cuda:0,0.001
8700,1.5340666953669382,0.538284418049524,1.0466171375274658,0.77,0.8936,0.7635459768295288,7:58:50,cuda:0,0.001
8800,1.5286222722572327,0.5408210955048193,1.0151343490600586,0.7819,0.8936,0.7635459768295288,7:58:50,cuda:0,0.001
8900,1.5229981528513246,0.5434729133282731,1.0274373176574707,0.7758,0.8936,0.7635459768295288,7:58:50,cuda:0,0.001
9000,1.5174616768772455,0.5460972143065653,1.5505881797790528,0.5795,0.8936,0.7635459768295288,7:58:50,cuda:0,0.001
9100,1.5122105690055618,0.5485588886292085,1.0660465333938598,0.7622,0.8936,0.7635459768295288,7:58:50,cuda:0,0.001
9200,1.5068643311721905,0.5510774894953698,1.0247060430526733,0.7737,0.8936,0.7635459768295288,7:58:50,cuda:0,0.001
9300,1.501543467166607,0.553573830694521,1.0200966327667236,0.7785,0.8936,0.7635459768295288,7:58:50,cuda:0,0.001
9400,1.4967008460649436,0.5559210964118398,1.2685914394378661,0.6561,0.8936,0.7635459768295288,7:58:50,cuda:0,0.001
9500,1.4917576465232936,0.5581962112831859,1.0185117214202881,0.7799,0.8936,0.7635459768295288,7:58:50,cuda:0,0.001
9600,1.4866225660978207,0.5606266941201001,0.9984255550384521,0.7883,0.8936,0.7635459768295288,7:58:50,cuda:0,0.001
9700,1.4816196235161994,0.5629917070780025,0.9746540199279785,0.8029,0.8936,0.7635459768295288,7:58:50,cuda:0,0.001
9800,1.4767684089778788,0.5652805969387104,1.1077516273498536,0.7405,0.8936,0.7635459768295288,7:58:50,cuda:0,0.001
9900,1.4718835745074355,0.5675539913815981,0.9725912271499634,0.8008,0.8936,0.7635459768295288,7:58:50,cuda:0,0.001
10000,1.466828820709381,0.5699413884127957,0.9902492036819458,0.7906,0.8936,0.7635459768295288,7:58:50,cuda:0,0.001
10100,1.4620667707442694,0.5721583800924034,0.9917890428543091,0.7902,0.8936,0.7635459768295288,7:58:50,cuda:0,0.001
10200,1.4574356902878256,0.5743453330062553,1.025226319694519,0.7759,0.8936,0.7635459768295288,7:58:50,cuda:0,0.001
10300,1.4526908800898208,0.5765524413943884,0.9872546703338623,0.7966,0.8936,0.7635459768295288,7:58:50,cuda:0,0.001
10400,1.4479377138618956,0.5787712017322266,0.9602267214775085,0.8071,0.8936,0.7635459768295288,7:58:50,cuda:0,0.001
10500,1.4431694699969975,0.5809938341475038,0.9648069839477539,0.8081,0.8936,0.7635459768295288,7:58:50,cuda:0,0.001
10600,1.4388009957444297,0.5830933468669963,0.9747552328109741,0.807,0.8936,0.7635459768295288,7:58:50,cuda:0,0.001
10700,1.4343581673656487,0.585209202941761,0.9403160585403443,0.819,0.8936,0.7635459768295288,7:58:50,cuda:0,0.001
10800,1.4297231899303764,0.5873958900459879,0.9542980867385864,0.8112,0.8936,0.7635459768295288,7:58:50,cuda:0,0.001
10900,1.4252230140347328,0.5894749905310639,0.9474289516448975,0.8087,0.8936,0.7635459768295288,7:58:50,cuda:0,0.001
11000,1.421188676445669,0.5914198626086166,0.9780088552474976,0.8047,0.8936,0.7635459768295288,7:58:50,cuda:0,0.001
11100,1.4169004249549106,0.5934506165186421,0.9659660511016845,0.8073,0.8936,0.7635459768295288,7:58:50,cuda:0,0.001
11200,1.4126239957238889,0.5954904550734998,0.9570584384918213,0.8103,0.8936,0.7635459768295288,7:58:50,cuda:0,0.001
11300,1.4081789929083044,0.5975522839998229,0.9255663551330566,0.8241,0.8936,0.7635459768295288,7:58:50,cuda:0,0.001
11400,1.4041151426836955,0.5994954511034778,0.9646210224151611,0.8089,0.8936,0.7635459768295288,7:58:50,cuda:0,0.001
11500,1.4001180393611456,0.6013458567683119,0.9412522597312927,0.819,0.8936,0.7635459768295288,7:58:50,cuda:0,0.001
11600,1.3958667373085358,0.6033638550058779,0.9320549567222596,0.8176,0.8936,0.7635459768295288,7:58:50,cuda:0,0.001
11700,1.391711058314641,0.6052858448904525,0.9456876251220703,0.8139,0.8936,0.7635459768295288,7:58:50,cuda:0,0.001
11800,1.3878383315593605,0.6070931582518714,0.9853129045486451,0.8069,0.8936,0.7635459768295288,7:58:50,cuda:0,0.001
11900,1.383876192005507,0.6089620261149309,0.934637959766388,0.8185,0.8936,0.7635459768295288,7:58:50,cuda:0,0.001
12000,1.379919796675632,0.6107958099626765,0.9596229188919068,0.8042,0.8936,0.7635459768295288,7:58:50,cuda:0,0.001
12100,1.375914618415748,0.6126787412891086,0.9157267775535584,0.8262,0.8936,0.7635459768295288,7:58:50,cuda:0,0.001
12200,1.3721043077302715,0.6145112290416859,0.9469318563461304,0.8156,0.8936,0.7635459768295288,7:58:50,cuda:0,0.001
12300,1.3682915088380212,0.6162907491227178,0.9450500705718994,0.8119,0.8936,0.7635459768295288,7:58:50,cuda:0,0.001
12400,1.3644507358829867,0.6180812692327095,0.9320962720870972,0.8174,0.8936,0.7635459768295288,7:58:50,cuda:0,0.001
12500,1.360704268133987,0.6198381123955362,0.93782462682724,0.8139,0.8936,0.7635459768295288,7:58:50,cuda:0,0.001
12600,1.357103050110196,0.6215452230121534,0.9125997143745422,0.8324,0.8936,0.7635459768295288,7:58:50,cuda:0,0.001
12700,1.3534863424203443,0.6232489754905824,0.8994669893264771,0.8333,0.8936,0.7635459768295288,7:58:50,cuda:0,0.001
12800,1.3497769668836965,0.6249890042223786,0.9103666421890259,0.8307,0.8936,0.7635459768295288,7:58:50,cuda:0,0.001
12900,1.346130474501265,0.626681424082551,0.9452500043869019,0.8161,0.8936,0.7635459768295288,7:58:50,cuda:0,0.001
13000,1.34271161615373,0.6283382575137861,0.9024714014053344,0.8373,0.8936,0.7635459768295288,7:58:50,cuda:0,0.001
13100,1.339186371785059,0.6299762914362662,0.8896426321029663,0.839,0.8936,0.7635459768295288,7:58:50,cuda:0,0.001
13200,1.3355963185278033,0.6316659005392905,0.9038225917816162,0.836,0.8936,0.7635459768295288,7:58:50,cuda:0,0.001
13300,1.332190089384287,0.6332732865501477,1.1351787916183471,0.7383,0.8936,0.7635459768295288,7:58:50,cuda:0,0.001
13400,1.3287714480855135,0.6348798153231379,0.8826263906478882,0.8411,0.8936,0.7635459768295288,7:58:50,cuda:0,0.001
13500,1.325247054603538,0.6365372407465757,0.8955719094276429,0.8357,0.8936,0.7635459768295288,7:58:50,cuda:0,0.001
13600,1.32183176286854,0.6381334746932092,0.9103260910987854,0.8314,0.8936,0.7635459768295288,7:58:50,cuda:0,0.001
13700,1.3185437461079519,0.6396577034419149,1.0700767152786255,0.7608,0.8936,0.7635459768295288,7:58:50,cuda:0,0.001
13800,1.3152769579541164,0.6411736308169316,0.9018056948661805,0.8338,0.8936,0.7635459768295288,7:58:50,cuda:0,0.001
13900,1.311903650195865,0.642751545862848,0.8699872135162353,0.8453,0.8936,0.7635459768295288,7:58:50,cuda:0,0.001
14000,1.3084482263200121,0.644357166474536,0.8850148694038391,0.8425,0.8936,0.7635459768295288,7:58:50,cuda:0,0.001
14100,1.3052501063613418,0.6458789929015084,0.9258118782043457,0.827,0.8936,0.7635459768295288,7:58:50,cuda:0,0.001
14200,1.3020237571699504,0.6473871145374449,0.8970404203414917,0.84,0.8936,0.7635459768295288,7:58:50,cuda:0,0.001
14300,1.2987535696413468,0.6489178696412948,0.8937550382614136,0.8392,0.8936,0.7635459768295288,7:58:50,cuda:0,0.001
14400,1.2955162727346015,0.6504246307558644,0.892962204360962,0.8381,0.8936,0.7635459768295288,7:58:50,cuda:0,0.001
14500,1.2924577525366863,0.6518557425990319,0.9216636250495911,0.828,0.8936,0.7635459768295288,7:58:50,cuda:0,0.001
14600,1.2893713656395835,0.6533035339383189,0.8819509662628174,0.8457,0.8936,0.7635459768295288,7:58:50,cuda:0,0.001
14700,1.2862557257563139,0.654773632518277,0.8849764385223389,0.8426,0.8936,0.7635459768295288,7:58:50,cuda:0,0.001
14800,1.2831519383205616,0.656211695985528,0.8818483268737793,0.8433,0.8936,0.7635459768295288,7:58:50,cuda:0,0.001
14900,1.280325125732664,0.6575614640536047,0.9200319103240967,0.83,0.8936,0.7635459768295288,7:58:50,cuda:0,0.001
15000,1.2773135865399035,0.6589602065157556,0.9171270547866821,0.83,0.8936,0.7635459768295288,7:58:50,cuda:0,0.001
15100,1.2742615702976112,0.6603854582663595,0.8737027318954468,0.8475,0.8936,0.7635459768295288,7:58:50,cuda:0,0.001
15200,1.2711723199869447,0.6618289792088499,0.880356026172638,0.8433,0.8936,0.7635459768295288,7:58:50,cuda:0,0.001
15300,1.2683583508304737,0.6631508042292564,0.8892447034835815,0.8433,0.8936,0.7635459768295288,7:58:50,cuda:0,0.001
15400,1.2655094957271495,0.6644895849412223,0.8837704421043396,0.8415,0.8936,0.7635459768295288,7:58:50,cuda:0,0.001
15500,1.262675051191069,0.6658151116707428,0.8713286516189576,0.8505,0.8936,0.7635459768295288,7:58:50,cuda:0,0.001
15600,1.259747407675973,0.6671717485624463,0.8591993413925171,0.8514,0.8936,0.7635459768295288,7:58:50,cuda:0,0.001
15700,1.2569524940788692,0.6684692958689277,0.8991173087120056,0.8382,0.8936,0.7635459768295288,7:58:50,cuda:0,0.001
15800,1.2541631439649514,0.6697657338781199,0.8635180322647095,0.8454,0.8936,0.7635459768295288,7:58:50,cuda:0,0.001
15900,1.2514066451497543,0.6710448665491627,0.8875024828910828,0.8353,0.8936,0.7635459768295288,7:58:50,cuda:0,0.001
16000,1.248545992740564,0.6723778814274991,0.8490423305511474,0.8557,0.8936,0.7635459768295288,7:58:50,cuda:0,0.001
16100,1.245884901779619,0.673655631969538,0.8661215097427368,0.8522,0.8936,0.7635459768295288,7:58:50,cuda:0,0.001
16200,1.2431961676768504,0.6749044290844499,0.8492819204330444,0.8548,0.8936,0.7635459768295288,7:58:50,cuda:0,0.001
16300,1.2404290451963036,0.6761873009172199,0.8594522933006287,0.8528,0.8936,0.7635459768295288,7:58:50,cuda:0,0.001
16400,1.237648752855437,0.6774831216386314,0.8583384876251221,0.8492,0.8936,0.7635459768295288,7:58:50,cuda:0,0.001
16500,1.2351225942576203,0.6786753499340319,0.8672341961860657,0.8503,0.8936,0.7635459768295288,7:58:50,cuda:0,0.001
16600,1.232393047005696,0.6799466958592726,0.8628516555786133,0.8505,0.8936,0.7635459768295288,7:58:50,cuda:0,0.001
16700,1.2297379191182811,0.6812018661692213,0.8757041765213013,0.8444,0.8936,0.7635459768295288,7:58:50,cuda:0,0.001
16800,1.2270998426417692,0.6824248596237769,0.8609641400337219,0.852,0.8936,0.7635459768295288,7:58:50,cuda:0,0.001
16900,1.2247088322760087,0.6835439816699858,0.8623808171272278,0.8534,0.8936,0.7635459768295288,7:58:50,cuda:0,0.001
17000,1.2221751804071206,0.6847162733019819,0.844763206577301,0.8565,0.8936,0.7635459768295288,7:58:50,cuda:0,0.001
17100,1.2195490055961855,0.6859525786697298,0.8619544722557068,0.8528,0.8936,0.7635459768295288,7:58:50,cuda:0,0.001
17200,1.2169364388289636,0.6871694949774148,0.8469491088867187,0.8557,0.8936,0.7635459768295288,7:58:50,cuda:0,0.001
17300,1.214505860801994,0.6883163021782522,0.8377329692840576,0.8599,0.8936,0.7635459768295288,7:58:50,cuda:0,0.001
17400,1.2120672754431008,0.6894436315395899,0.8379694958686829,0.862,0.8936,0.7635459768295288,7:58:50,cuda:0,0.001
17500,1.2095182117992707,0.6906219615945551,0.8333991280555725,0.864,0.8936,0.7635459768295288,7:58:50,cuda:0,0.001
17600,1.2069993457220791,0.6917776510062343,0.9841280265808106,0.803,0.8936,0.7635459768295288,7:58:50,cuda:0,0.001
17700,1.2045003806249672,0.6929475942405972,0.8315149736404419,0.8652,0.8936,0.7635459768295288,7:58:50,cuda:0,0.001
17800,1.2019842388040491,0.6941320559768895,0.8718784988403321,0.8435,0.8936,0.7635459768295288,7:58:50,cuda:0,0.001
17900,1.1995910267642158,0.695239056285952,0.8368212828636169,0.8635,0.8936,0.7635459768295288,7:58:50,cuda:0,0.001
18000,1.197185725483676,0.6963760686731076,0.9341320856094361,0.8173,0.8936,0.7635459768295288,7:58:50,cuda:0,0.001
18100,1.1946703613953904,0.6975560758968687,0.833088558769226,0.8636,0.8936,0.7635459768295288,7:58:50,cuda:0,0.001
18200,1.1921837144466072,0.6987239637038565,0.8571001906394958,0.8521,0.8936,0.7635459768295288,7:58:50,cuda:0,0.001
18300,1.1897878247796532,0.6998393382101593,0.8407531419754029,0.8605,0.8936,0.7635459768295288,7:58:50,cuda:0,0.001
18400,1.1875484064953437,0.7008833558854127,0.8750072526931763,0.8477,0.8936,0.7635459768295288,7:58:50,cuda:0,0.001
18500,1.185162521886704,0.7020024751973057,0.8206736652374268,0.8676,0.8936,0.7635459768295288,7:58:50,cuda:0,0.001
18600,1.1827646951457889,0.7031171174504093,0.8312396368026733,0.8636,0.8936,0.7635459768295288,7:58:50,cuda:0,0.001
18700,1.180414366436739,0.7042039379930018,0.8317280933380127,0.865,0.8936,0.7635459768295288,7:58:50,cuda:0,0.001
18800,1.178248730567306,0.7052121599318533,0.8834649334907532,0.8481,0.8936,0.7635459768295288,7:58:50,cuda:0,0.001
18900,1.1760140575765647,0.7062544683048244,0.8341530268669128,0.8635,0.8936,0.7635459768295288,7:58:50,cuda:0,0.001
19000,1.1737188222109,0.7073108998841068,0.8138218006134034,0.8729,0.8936,0.7635459768295288,7:58:50,cuda:0,0.001
19100,1.1714489243162107,0.7083714071424828,0.8193534620285035,0.8707,0.8936,0.7635459768295288,7:58:50,cuda:0,0.001
19200,1.1692872441637376,0.7093842246564274,0.8715109467506409,0.8518,0.8936,0.7635459768295288,7:58:50,cuda:0,0.001
19300,1.1670718513880127,0.7104250264162685,0.8061694183349609,0.8729,0.8936,0.7635459768295288,7:58:50,cuda:0,0.001
19400,1.1648504643675772,0.7114558947768943,0.8229055068969726,0.8664,0.8936,0.7635459768295288,7:58:50,cuda:0,0.001
19500,1.162609829384605,0.7125050525789004,0.8188639239311218,0.8679,0.8936,0.7635459768295288,7:58:50,cuda:0,0.001
19600,1.1606204155374769,0.7134358762399622,0.8328465658187866,0.8645,0.8936,0.7635459768295288,7:58:50,cuda:0,0.001
19700,1.1583889120895088,0.7144734627646737,0.8268435600280761,0.8665,0.8936,0.7635459768295288,7:58:50,cuda:0,0.001
19800,1.1561687386599808,0.7154981896649775,0.8036612310409545,0.8766,0.8936,0.7635459768295288,7:58:50,cuda:0,0.001
19900,1.1539816633072026,0.716523217945655,0.8464969294548035,0.8545,0.8936,0.7635459768295288,7:58:50,cuda:0,0.001
20000,1.1519445973004014,0.7174853773732445,0.8279328227043152,0.8676,0.8936,0.7635459768295288,7:58:50,cuda:0,0.001
20100,1.1498822753834779,0.7184467492452772,0.8186058238983154,0.8701,0.8936,0.7635459768295288,7:58:50,cuda:0,0.001
20200,1.1477911367992586,0.7194136911213651,0.8133376809120179,0.8711,0.8936,0.7635459768295288,7:58:50,cuda:0,0.001
20300,1.1456759532491054,0.7203972913007304,0.8364645401000976,0.86,0.8936,0.7635459768295288,7:58:50,cuda:0,0.001
20400,1.1437010950368733,0.7213358315138729,0.8266328744888306,0.8705,0.8936,0.7635459768295288,7:58:50,cuda:0,0.001
20500,1.141639297709807,0.7222794808729829,0.8108425344467163,0.8747,0.8936,0.7635459768295288,7:58:50,cuda:0,0.001
20600,1.1395482085054227,0.7232538171416077,0.8148264411926269,0.8765,0.8936,0.7635459768295288,7:58:50,cuda:0,0.001
20700,1.137536457050493,0.7241847333365569,0.8141023184776306,0.8726,0.8936,0.7635459768295288,7:58:50,cuda:0,0.001
20800,1.1356318629978517,0.7250844365981148,0.8249406909942627,0.8684,0.8936,0.7635459768295288,7:58:50,cuda:0,0.001
20900,1.133658769364788,0.7260003052996427,0.8261849203109741,0.8693,0.8936,0.7635459768295288,7:58:50,cuda:0,0.001
21000,1.1316117352158497,0.7269376046327354,0.8313669095039368,0.8646,0.8936,0.7635459768295288,7:58:50,cuda:0,0.001
21100,1.129597493181141,0.7278737940930572,0.8095844903945922,0.8736,0.8936,0.7635459768295288,7:58:50,cuda:0,0.001
21200,1.1277461848920791,0.7287428590819494,0.8196278056144715,0.8704,0.8936,0.7635459768295288,7:58:50,cuda:0,0.001
21300,1.1258489080172989,0.7296261733021627,0.8009908878326416,0.8755,0.8936,0.7635459768295288,7:58:50,cuda:0,0.001
21400,1.1237947658954843,0.7305816125486712,0.7997033254623414,0.8744,0.8936,0.7635459768295288,7:58:50,cuda:0,0.001
21500,1.1218688782745154,0.7314623267344017,0.8163361023902893,0.8716,0.8936,0.7635459768295288,7:58:50,cuda:0,0.001
21600,1.1200625243617572,0.7323142988710808,0.8307001547813415,0.868,0.8936,0.7635459768295288,7:58:50,cuda:0,0.001
21700,1.118135575447644,0.7332005327398626,0.7968503593444825,0.8742,0.8936,0.7635459768295288,7:58:50,cuda:0,0.001
21800,1.1161515044523458,0.7341152155323313,0.7961658278465271,0.8775,0.8936,0.7635459768295288,7:58:50,cuda:0,0.001
21900,1.1142446044621346,0.7349948583180987,0.8998304460525512,0.8493,0.8936,0.7635459768295288,7:58:50,cuda:0,0.001
22000,1.112299288349655,0.735908709622384,0.8195799980163574,0.873,0.8936,0.7635459768295288,7:58:50,cuda:0,0.001
22100,1.1104024678954612,0.7367789005887682,0.7982619558334351,0.8786,0.8936,0.7635459768295288,7:58:50,cuda:0,0.001
22200,1.1085032056053015,0.7376546297339945,0.8114451625823974,0.8714,0.8936,0.7635459768295288,7:58:50,cuda:0,0.001
22300,1.1067176054557712,0.7384854856174644,1.0516333407402039,0.7952,0.8936,0.7635459768295288,7:58:50,cuda:0,0.001
22400,1.1049039194991743,0.7393300686450287,0.7956317663192749,0.8831,0.8936,0.7635459768295288,7:58:50,cuda:0,0.001
22500,1.1030168026915899,0.7402032813047371,0.7910825832366943,0.8816,0.8936,0.7635459768295288,7:58:50,cuda:0,0.001
22600,1.101144259264389,0.7410649534702193,0.7990972474098206,0.8803,0.8936,0.7635459768295288,7:58:50,cuda:0,0.001
22700,1.0993709018603453,0.7418841011056362,0.8398466963768005,0.86,0.8936,0.7635459768295288,7:58:50,cuda:0,0.001
22800,1.0975885937559475,0.7427037490259776,0.8033304411888122,0.8764,0.8936,0.7635459768295288,7:58:50,cuda:0,0.001
22900,1.09573510766299,0.7435595982167248,0.7878321779251098,0.8837,0.8936,0.7635459768295288,7:58:50,cuda:0,0.001
23000,1.0938764811923902,0.7444290773197558,0.8097534368515015,0.8764,0.8936,0.7635459768295288,7:58:50,cuda:0,0.001
23100,1.0921336619564754,0.7452421993056421,0.8182586103439331,0.8698,0.8936,0.7635459768295288,7:58:50,cuda:0,0.001
23200,1.0903718738642414,0.74606322567424,0.8067511366844178,0.8757,0.8936,0.7635459768295288,7:58:50,cuda:0,0.001
23300,1.0885795612649527,0.7468892799802396,0.8212198860168457,0.8742,0.8936,0.7635459768295288,7:58:50,cuda:0,0.001
23400,1.0867933993786187,0.747709270120996,0.8049772807121277,0.8727,0.8936,0.7635459768295288,7:58:50,cuda:0,0.001
23500,1.0851419421236663,0.7484813233383734,0.828414005947113,0.8663,0.8936,0.7635459768295288,7:58:50,cuda:0,0.001
23600,1.0834129382719822,0.7492796668575185,0.8132663032531738,0.8735,0.8936,0.7635459768295288,7:58:50,cuda:0,0.001
23700,1.0816497467009076,0.7500946929704162,0.8194616595268249,0.8706,0.8936,0.7635459768295288,7:58:50,cuda:0,0.001
23800,1.0799246685337016,0.7508916931261433,0.7999875922203064,0.8785,0.8936,0.7635459768295288,7:58:50,cuda:0,0.001
23900,1.0783098720477649,0.7516476900929198,0.8287487210273743,0.8702,0.8936,0.7635459768295288,7:58:50,cuda:0,0.001
24000,1.0766573735158447,0.7524156131891047,0.7858239808082581,0.8815,0.8936,0.7635459768295288,7:58:50,cuda:0,0.001
24100,1.0748813575865928,0.7532436729396496,0.8012992730140686,0.88,0.8936,0.7635459768295288,7:58:50,cuda:0,0.001
24200,1.0732160419670205,0.7540115677911335,0.7849716766357422,0.8821,0.8936,0.7635459768295288,7:58:50,cuda:0,0.001
24300,1.0716467689138882,0.7547503629866853,0.7987695932388306,0.8757,0.8936,0.7635459768295288,7:58:50,cuda:0,0.001
24400,1.0699783857654752,0.7555250176903119,0.782793574333191,0.8854,0.8936,0.7635459768295288,7:58:50,cuda:0,0.001
24500,1.0683214431168873,0.756286321250932,0.83623281955719,0.8596,0.8936,0.7635459768295288,7:58:50,cuda:0,0.001
24600,1.0666796987934708,0.7570414297484513,0.801996706199646,0.8765,0.8936,0.7635459768295288,7:58:50,cuda:0,0.001
24700,1.0651888350331202,0.7577383002649187,0.8064995790481567,0.876,0.8936,0.7635459768295288,7:58:50,cuda:0,0.001
24800,1.0635604556819425,0.7584865098703959,0.8031484188079834,0.8771,0.8936,0.7635459768295288,7:58:50,cuda:0,0.001
24900,1.0619382601587564,0.7592327868193489,0.810536080646515,0.8746,0.8936,0.7635459768295288,7:58:50,cuda:0,0.001
25000,1.060330066333504,0.7599727753617024,0.7992034729003906,0.8773,0.8936,0.7635459768295288,7:58:50,cuda:0,0.001
25100,1.0588425162896047,0.7606736875423695,0.8001351173400879,0.8771,0.8936,0.7635459768295288,7:58:50,cuda:0,0.001
25200,1.0572041679982627,0.7614355984628828,0.7995552852630615,0.8765,0.8936,0.7635459768295288,7:58:50,cuda:0,0.001
25300,1.0555763302236276,0.7621883901372789,0.7902505130767822,0.8825,0.8936,0.7635459768295288,7:58:50,cuda:0,0.001
25400,1.0539824211363036,0.7629278603656855,0.7941322845458985,0.8807,0.8936,0.7635459768295288,7:58:50,cuda:0,0.001
25500,1.0525051628198103,0.7636132754044148,0.8000174530029297,0.8773,0.8936,0.7635459768295288,7:58:50,cuda:0,0.001
25600,1.0509552568449083,0.7643264357592138,0.8276094457626343,0.8653,0.8936,0.7635459768295288,7:58:50,cuda:0,0.001
25700,1.0493696540340058,0.7650629463568518,0.8041046905517578,0.8745,0.8936,0.7635459768295288,7:58:50,cuda:0,0.001
25800,1.0478060621722116,0.7657846498523372,0.7929879209518432,0.88,0.8936,0.7635459768295288,7:58:50,cuda:0,0.001
25900,1.046355134163218,0.7664662938988455,0.7977761025428772,0.8789,0.8936,0.7635459768295288,7:58:50,cuda:0,0.001
26000,1.0448341968285442,0.7671665223040277,0.802810957145691,0.8755,0.8936,0.7635459768295288,7:58:50,cuda:0,0.001
26100,1.043341579081131,0.7678502948084943,0.7885450655937195,0.8809,0.8936,0.7635459768295288,7:58:50,cuda:0,0.001
26200,1.0417955798251428,0.7685622376520365,0.871386091041565,0.8544,0.8936,0.7635459768295288,7:58:50,cuda:0,0.001
26300,1.0402395661314907,0.7692806971223604,0.802698648262024,0.8762,0.8936,0.7635459768295288,7:58:50,cuda:0,0.001
26400,1.0387211197981523,0.7699780102081921,0.8130077585220337,0.875,0.8936,0.7635459768295288,7:58:50,cuda:0,0.001
26500,1.0372205047265408,0.7706671049587597,0.7963759094238281,0.8784,0.8936,0.7635459768295288,7:58:50,cuda:0,0.001
26600,1.035755738180598,0.7713436718029765,0.8913762403488159,0.8379,0.8936,0.7635459768295288,7:58:50,cuda:0,0.001
26700,1.0342766265833747,0.7720204401042154,0.8243383438110351,0.8665,0.8936,0.7635459768295288,7:58:50,cuda:0,0.001
26800,1.0327603812979125,0.772716370842748,0.8060276776313782,0.8768,0.8936,0.7635459768295288,7:58:50,cuda:0,0.001
26900,1.03133173794931,0.773374855816636,0.7976772303581238,0.8799,0.8936,0.7635459768295288,7:58:50,cuda:0,0.001
27000,1.0299244503203295,0.7740302408237218,0.8428284659385681,0.8613,0.8936,0.7635459768295288,7:58:50,cuda:0,0.001
27100,1.0284552780522023,0.7747067188055456,0.7898390981674195,0.8838,0.8936,0.7635459768295288,7:58:50,cuda:0,0.001
27200,1.026972437386787,0.7753897176185942,0.7824322556495666,0.8842,0.8936,0.7635459768295288,7:58:50,cuda:0,0.001
27300,1.0254825243728585,0.7760751554759144,0.7758022035598755,0.8867,0.8936,0.7635459768295288,7:58:50,cuda:0,0.001
27400,1.0240849375290408,0.7767274130357354,0.8062468927383423,0.8744,0.8936,0.7635459768295288,7:58:50,cuda:0,0.001
27500,1.022657029439948,0.7773853720234033,0.7765685415267944,0.8873,0.8936,0.7635459768295288,7:58:50,cuda:0,0.001
27600,1.0212354849268483,0.7780362922601293,0.8090435260772705,0.8771,0.8936,0.7635459768295288,7:58:50,cuda:0,0.001
27700,1.0198215972705365,0.7786858959882204,0.7959215475082397,0.8754,0.8936,0.7635459768295288,7:58:50,cuda:0,0.001
27800,1.01848620448727,0.7793067463264249,0.8051810199737549,0.8733,0.8936,0.7635459768295288,7:58:50,cuda:0,0.001
27900,1.017078338704004,0.7799541469539676,0.794241450881958,0.8871,0.8936,0.7635459768295288,7:58:50,cuda:0,0.001
28000,1.0156434224537665,0.7806117205478228,0.8119192403793335,0.8763,0.8936,0.7635459768295288,7:58:50,cuda:0,0.001
28100,1.0142738747743765,0.7812403993855607,0.7874889097213745,0.8842,0.8936,0.7635459768295288,7:58:50,cuda:0,0.001
28200,1.012967228436729,0.7818453516540073,0.797772109413147,0.8782,0.8936,0.7635459768295288,7:58:50,cuda:0,0.001
28300,1.0115897967887582,0.7824771101542053,0.7852738887786865,0.8838,0.8936,0.7635459768295288,7:58:50,cuda:0,0.001
28400,1.010229485106954,0.783098082751815,0.8035710650444031,0.8783,0.8936,0.7635459768295288,7:58:50,cuda:0,0.001
28500,1.00886973718156,0.7837223761150524,0.7923124486923218,0.8819,0.8936,0.7635459768295288,7:58:50,cuda:0,0.001
28600,1.0076177506692798,0.7842957228913028,0.8083103214263916,0.8767,0.8936,0.7635459768295288,7:58:50,cuda:0,0.001
28700,1.0062750306782653,0.7849114931404731,0.7948192531585694,0.8809,0.8936,0.7635459768295288,7:58:50,cuda:0,0.001
28800,1.0049004641730939,0.7855438900208089,0.7967646991729737,0.8848,0.8936,0.7635459768295288,7:58:50,cuda:0,0.001
28900,1.0035500640523654,0.7861624363064907,0.7814315600395203,0.8844,0.8936,0.7635459768295288,7:58:50,cuda:0,0.001
29000,1.0023240882729727,0.7867289223680464,0.7973073552131653,0.877,0.8936,0.7635459768295288,7:58:50,cuda:0,0.001
29100,1.0010204363405173,0.7873232911697179,0.7931308156967163,0.8842,0.8936,0.7635459768295288,7:58:50,cuda:0,0.001
29200,0.9996851439806713,0.787932063191451,0.7892808382987976,0.8857,0.8936,0.7635459768295288,7:58:50,cuda:0,0.001
29300,0.9983768682305646,0.7885281357553398,0.8203042953491211,0.8732,0.8936,0.7635459768295288,7:58:50,cuda:0,0.001
29400,0.9971597098749405,0.7890921896477617,0.7997709435462952,0.8777,0.8936,0.7635459768295288,7:58:50,cuda:0,0.001
29500,0.9958583563143409,0.7896908916249263,0.8111088975906372,0.8753,0.8936,0.7635459768295288,7:58:50,cuda:0,0.001
29600,0.9945835256084954,0.7902776192710381,0.8168145235061646,0.873,0.8936,0.7635459768295288,7:58:50,cuda:0,0.001
29700,0.9933086466993232,0.7908606555650574,0.7928811586380005,0.8816,0.8936,0.7635459768295288,7:58:50,cuda:0,0.001
29800,0.992127672168888,0.7914103829036863,0.788902219581604,0.8831,0.8936,0.7635459768295288,7:58:50,cuda:0,0.001
29900,0.9908453197865937,0.7919938383965185,0.815162950515747,0.8716,0.8936,0.7635459768295288,7:58:50,cuda:0,0.001
30000,0.9895691352577044,0.7925786137292519,0.7849229234695435,0.8836,0.8936,0.7635459768295288,7:58:50,cuda:0,0.001
30100,0.988292561746593,0.7931678132014299,0.7800793943405151,0.8862,0.8936,0.7635459768295288,7:58:50,cuda:0,0.001
30200,0.9871193213805715,0.7937083379940922,0.782749003982544,0.8863,0.8936,0.7635459768295288,7:58:50,cuda:0,0.001
30300,0.9858561935504035,0.7942855328953616,0.7946261542320251,0.8813,0.8936,0.7635459768295288,7:58:50,cuda:0,0.001
30400,0.9845937874093476,0.7948687015643456,0.7832286899566651,0.8865,0.8936,0.7635459768295288,7:58:50,cuda:0,0.001
30500,0.9833663350741421,0.7954280911828169,0.8260758971214295,0.8674,0.8936,0.7635459768295288,7:58:50,cuda:0,0.001
30600,0.9821218429192015,0.7959968148699371,0.7865873193740844,0.8858,0.8936,0.7635459768295288,7:58:50,cuda:0,0.001
30700,0.9808708868660097,0.7965692167874346,0.8120868032455444,0.8747,0.8936,0.7635459768295288,7:58:50,cuda:0,0.001
30800,0.9796151106247185,0.7971460227318888,0.7885247730255127,0.8826,0.8936,0.7635459768295288,7:58:50,cuda:0,0.001
30900,0.9784525262682036,0.7976819646841127,0.8728355144500732,0.85,0.8936,0.7635459768295288,7:58:50,cuda:0,0.001
31000,0.977260828281846,0.7982254783651033,0.8077306092262269,0.8741,0.8936,0.7635459768295288,7:58:50,cuda:0,0.001
31100,0.9760227672214604,0.798792900217644,0.7878330783843994,0.8848,0.8936,0.7635459768295288,7:58:50,cuda:0,0.001
31200,0.9747943065362575,0.7993611927609866,0.7876945709228516,0.8837,0.8936,0.7635459768295288,7:58:50,cuda:0,0.001
31300,0.9736720598226986,0.7998767328355345,0.816321652507782,0.8712,0.8936,0.7635459768295288,7:58:50,cuda:0,0.001
31400,0.9724684104621211,0.800426996668898,0.7688414657592774,0.8889,0.8936,0.7635459768295288,7:58:50,cuda:0,0.001
31500,0.9712806636629332,0.800965571478504,0.7853736373901368,0.8834,0.8936,0.7635459768295288,7:58:50,cuda:0,0.001
31600,0.97007231112198,0.8015205311044946,0.7755904832839966,0.89,0.8936,0.7635459768295288,7:58:50,cuda:0,0.001
31700,0.9689544043099527,0.8020319006176859,0.8159266235351562,0.8718,0.8936,0.7635459768295288,7:58:50,cuda:0,0.001
31800,0.9678130638995017,0.8025517380441839,0.7896614388465881,0.8801,0.8936,0.7635459768295288,7:58:50,cuda:0,0.001
31900,0.9666303591198662,0.803097238836703,0.7790583154678344,0.887,0.8936,0.7635459768295288,7:58:50,cuda:0,0.001
32000,0.9654603674486674,0.8036312630735245,0.77691132106781,0.8858,0.8936,0.7635459768295288,7:58:50,cuda:0,0.001
32100,0.9643480753839332,0.8041428582564838,0.8066139457702637,0.8761,0.8936,0.7635459768295288,7:58:50,cuda:0,0.001
32200,0.9632073366527404,0.8046635187012846,0.7674115804672241,0.8933,0.8936,0.7635459768295288,7:58:50,cuda:0,0.001
32300,0.9620406223761422,0.8051957201292211,0.8013116333007813,0.8758,0.8936,0.7635459768295288,7:58:50,cuda:0,0.001
32400,0.9609103650615364,0.8057108764992548,0.7744384821891784,0.8881,0.8936,0.7635459768295288,7:58:50,cuda:0,0.001
32500,0.9598197600327704,0.8062124411473712,0.7976023042678833,0.8798,0.8936,0.7635459768295288,7:58:50,cuda:0,0.001
32600,0.9586937032000233,0.8067198791828338,0.7945117834091187,0.8778,0.8936,0.7635459768295288,7:58:50,cuda:0,0.001
32700,0.9575750492007892,0.8072297108574795,0.8028903917312622,0.8784,0.8936,0.7635459768295288,7:58:50,cuda:0,0.001
32800,0.9564637680367724,0.80773261646558,0.7919577191352845,0.8816,0.8936,0.7635459768295288,7:58:50,cuda:0,0.001
32900,0.9554036085630899,0.8082193408783218,0.793996190071106,0.8813,0.8936,0.7635459768295288,7:58:50,cuda:0,0.001
33000,0.9542923092355784,0.8087254413169748,0.7802934701919556,0.8873,0.8936,0.7635459768295288,7:58:50,cuda:0,0.001
33100,0.9531779965057503,0.8092308433753156,0.8094320735931396,0.8757,0.8936,0.7635459768295288,7:58:50,cuda:0,0.001
33200,0.9520585546444796,0.8097430904143867,0.7793832181930542,0.8855,0.8936,0.7635459768295288,7:58:50,cuda:0,0.001
33300,0.9510379872506598,0.8102163041558803,0.8269085348129273,0.8708,0.8936,0.7635459768295288,7:58:50,cuda:0,0.001
33400,0.9499564081642438,0.8107061449019116,0.7910785445213318,0.8839,0.8936,0.7635459768295288,7:58:50,cuda:0,0.001
33500,0.9488898629343984,0.8111888568942272,0.7893883308410644,0.881,0.8936,0.7635459768295288,7:58:50,cuda:0,0.001
33600,0.9478257556956164,0.8116705547880679,0.7990046604156494,0.8815,0.8936,0.7635459768295288,7:58:50,cuda:0,0.001
33700,0.9468660274082153,0.8121071561165769,0.7811575847625732,0.8833,0.8936,0.7635459768295288,7:58:50,cuda:0,0.001
33800,0.9458307669468551,0.8125758837682768,0.8014030378341674,0.8768,0.8936,0.7635459768295288,7:58:50,cuda:0,0.001
33900,0.9447711370703611,0.8130568370548071,0.779438908958435,0.884,0.8936,0.7635459768295288,7:58:50,cuda:0,0.001
34000,0.943708075387388,0.8135404783808647,0.7799912340164185,0.8865,0.8936,0.7635459768295288,7:58:50,cuda:0,0.001
34100,0.9427207229211313,0.8139933204181297,0.7850442286491394,0.8848,0.8936,0.7635459768295288,7:58:50,cuda:0,0.001
34200,0.9416704717228251,0.8144727672152978,0.7837810591697693,0.8872,0.8936,0.7635459768295288,7:58:50,cuda:0,0.001
34300,0.9406236145851343,0.8149441722871307,0.8068728350639344,0.8742,0.8936,0.7635459768295288,7:58:50,cuda:0,0.001
34400,0.9395802717499148,0.8154141980090709,0.8318935309410095,0.8676,0.8936,0.7635459768295288,7:58:50,cuda:0,0.001
34500,0.9386248645117945,0.81585297413543,0.7868931871414184,0.8843,0.8936,0.7635459768295288,7:58:50,cuda:0,0.001
34600,0.9375856588845712,0.8163208205565842,0.8030774875640869,0.8756,0.8936,0.7635459768295288,7:58:50,cuda:0,0.001
34700,0.9365493948560101,0.8167877707828545,0.796552759552002,0.8774,0.8936,0.7635459768295288,7:58:50,cuda:0,0.001
34800,0.9355597808442735,0.81723545791523,0.8212094680786133,0.8701,0.8936,0.7635459768295288,7:58:50,cuda:0,0.001
34900,0.9345223018457338,0.8177065221677703,0.8010078086853027,0.8817,0.8936,0.7635459768295288,7:58:50,cuda:0,0.001
35000,0.9334893425768048,0.8181728813438145,0.8088940498352051,0.8792,0.8936,0.7635459768295288,7:58:50,cuda:0,0.001
35100,0.9324655405392975,0.8186310111534499,0.7964298324584961,0.8815,0.8936,0.7635459768295288,7:58:50,cuda:0,0.001
35200,0.9314639381712918,0.8190830513474895,0.8550871915817261,0.8596,0.8936,0.7635459768295288,7:58:50,cuda:0,0.001
35300,0.9304502100536837,0.8195404376581673,0.771797401046753,0.8885,0.8936,0.7635459768295288,7:58:50,cuda:0,0.001
35400,0.9294121996404503,0.8200095957418233,0.7819187885284424,0.888,0.8936,0.7635459768295288,7:58:50,cuda:0,0.001
35500,0.928416798636572,0.8204576052555527,0.7881669451713562,0.8873,0.8936,0.7635459768295288,7:58:50,cuda:0,0.001
35600,0.9274584750938775,0.8208906637144815,0.8051557926177979,0.8766,0.8936,0.7635459768295288,7:58:50,cuda:0,0.001
35700,0.9264841557401358,0.8213315050729844,0.788827318572998,0.8872,0.8936,0.7635459768295288,7:58:50,cuda:0,0.001
35800,0.9254869267290053,0.8217823317664739,0.7854540557861328,0.8864,0.8936,0.7635459768295288,7:58:50,cuda:0,0.001
35900,0.9245013908686224,0.8222289020161361,0.7790834188461304,0.8879,0.8936,0.7635459768295288,7:58:50,cuda:0,0.001
36000,0.9235573709296949,0.8226563694688113,0.79132741355896,0.8807,0.8936,0.7635459768295288,7:58:50,cuda:0,0.001
36100,0.9225851346511283,0.8230965282880235,0.7702227342605591,0.8908,0.8936,0.7635459768295288,7:58:50,cuda:0,0.001
36200,0.9216220561085499,0.8235327409342901,0.7809544677734375,0.8863,0.8936,0.7635459768295288,7:58:50,cuda:0,0.001
36300,0.9206619395425825,0.82396439379317,0.7886901306152344,0.882,0.8936,0.7635459768295288,7:58:50,cuda:0,0.001
36400,0.91974676849101,0.8243778980438526,0.7978981063842774,0.8777,0.8936,0.7635459768295288,7:58:50,cuda:0,0.001
36500,0.9187947336889564,0.8248091550720018,0.7741091032028198,0.8877,0.8936,0.7635459768295288,7:58:50,cuda:0,0.001
36600,0.9178538016585981,0.8252327119704371,0.7868867261886596,0.885,0.8936,0.7635459768295288,7:58:50,cuda:0,0.001
36700,0.9169341639497635,0.8256447964572204,0.7821911081314087,0.8864,0.8936,0.7635459768295288,7:58:50,cuda:0,0.001
36800,0.9160600593392039,0.826042665388303,0.7852356834411621,0.8844,0.8936,0.7635459768295288,7:58:50,cuda:0,0.001
36900,0.9151281997197978,0.8264645199134698,0.7739890483856201,0.887,0.8936,0.7635459768295288,7:58:50,cuda:0,0.001
37000,0.9141661372200588,0.8268982520982261,0.7995189755439759,0.8822,0.8936,0.7635459768295288,7:58:50,cuda:0,0.001
37100,0.9132252829682858,0.8273195267868585,0.7963781970024109,0.8786,0.8936,0.7635459768295288,7:58:50,cuda:0,0.001
37200,0.9123517262567694,0.8277138835542491,0.8011029558181763,0.878,0.8936,0.7635459768295288,7:58:50,cuda:0,0.001
37300,0.9114536702158463,0.8281170859007859,0.7919127027511597,0.8798,0.8936,0.7635459768295288,7:58:50,cuda:0,0.001
37400,0.9105565925618856,0.82851980275857,0.8041569754600525,0.8757,0.8936,0.7635459768295288,7:58:50,cuda:0,0.001
37500,0.9096430814825853,0.8289305875758617,0.7884588834762574,0.8847,0.8936,0.7635459768295288,7:58:50,cuda:0,0.001
37600,0.9087845801791449,0.8293179322507653,0.7837648045539856,0.8843,0.8936,0.7635459768295288,7:58:50,cuda:0,0.001
37700,0.9078748525360041,0.8297260802469136,0.7825665261268616,0.8874,0.8936,0.7635459768295288,7:58:50,cuda:0,0.001
37800,0.9069633417037659,0.8301370316430557,0.7992144219398498,0.8803,0.8936,0.7635459768295288,7:58:50,cuda:0,0.001
37900,0.9060687275751726,0.8305402416479598,0.7958257182121277,0.8802,0.8936,0.7635459768295288,7:58:50,cuda:0,0.001
38000,0.9052182813924868,0.8309268990540536,0.7859435351371765,0.8839,0.8936,0.7635459768295288,7:58:50,cuda:0,0.001
38100,0.9043341512735518,0.8313257141637412,0.7897570972442627,0.885,0.8936,0.7635459768295288,7:58:50,cuda:0,0.001
38200,0.9034582176623367,0.8317220298902452,0.7932596930503846,0.8814,0.8936,0.7635459768295288,7:58:50,cuda:0,0.001
38300,0.9025820921686718,0.8321181117023883,0.8017532905578614,0.881,0.8936,0.7635459768295288,7:58:50,cuda:0,0.001
38400,0.9017757114313527,0.8324872765660739,0.7799077159881592,0.8883,0.8936,0.7635459768295288,7:58:50,cuda:0,0.001
38500,0.9009161137861704,0.8328722043845909,0.7898952642440796,0.8846,0.8936,0.7635459768295288,7:58:50,cuda:0,0.001
38600,0.9000397347896667,0.833265265109525,0.7809038292884827,0.8887,0.8936,0.7635459768295288,7:58:50,cuda:0,0.001
38700,0.8991765501186895,0.8336514431936479,0.7755037426948548,0.8841,0.8936,0.7635459768295288,7:58:50,cuda:0,0.001
38800,0.8983597051180467,0.8340275739976976,0.7876059990882873,0.885,0.8936,0.7635459768295288,7:58:50,cuda:0,0.001
38900,0.8975234448285361,0.8344019671224241,0.8090390962600708,0.875,0.8936,0.7635459768295288,7:58:50,cuda:0,0.001
39000,0.8966807569793964,0.8347792506520463,0.7958903018951416,0.8805,0.8936,0.7635459768295288,7:58:50,cuda:0,0.001
39100,0.8958365002724217,0.8351580199546892,0.7953552057266235,0.8807,0.8936,0.7635459768295288,7:58:50,cuda:0,0.001
39200,0.8949821082370775,0.8355406261570084,0.7808332654953003,0.8876,0.8936,0.7635459768295288,7:58:50,cuda:0,0.001
39300,0.8941170309068035,0.8359294414659926,0.7909331449508668,0.8825,0.8936,0.7635459768295288,7:58:50,cuda:0,0.001
39400,0.893261314826947,0.8363089378485145,0.8127773489952087,0.8747,0.8936,0.7635459768295288,7:58:50,cuda:0,0.001
39500,0.8924328497611178,0.8366786240319285,0.8857873922348023,0.8462,0.8936,0.7635459768295288,7:58:50,cuda:0,0.001
39600,0.8916271127676489,0.8370369346455823,0.8141953559875488,0.8753,0.8936,0.7635459768295288,7:58:50,cuda:0,0.001
39700,0.8907905988291547,0.8374097871133452,0.7853724573135376,0.8881,0.8936,0.7635459768295288,7:58:50,cuda:0,0.001
39800,0.8899387223158316,0.8377921598214426,0.7863600092887878,0.8848,0.8936,0.7635459768295288,7:58:50,cuda:0,0.001
39900,0.8891086835843144,0.8381622724222488,0.8004488136291504,0.8765,0.8936,0.7635459768295288,7:58:50,cuda:0,0.001
40000,0.8882977860273595,0.8385238440797993,0.7781078337669373,0.8898,0.8936,0.7635459768295288,7:58:50,cuda:0,0.001
40100,0.8874729385721202,0.838892581013535,0.7863990115165711,0.8825,0.8936,0.7635459768295288,7:58:50,cuda:0,0.001
40200,0.8866622869571765,0.8392538406234633,0.8179550674438476,0.8716,0.8936,0.7635459768295288,7:58:50,cuda:0,0.001
40300,0.8858984908940547,0.8396001695131,0.7956447547912597,0.8774,0.8936,0.7635459768295288,7:58:50,cuda:0,0.001
40400,0.8850973851826974,0.8399592442218774,0.8107024996757507,0.8787,0.8936,0.7635459768295288,7:58:50,cuda:0,0.001
40500,0.8842958117109264,0.8403182817988316,0.7801148849487305,0.8894,0.8936,0.7635459768295288,7:58:50,cuda:0,0.001
40600,0.8834725361115702,0.840684601493379,0.7737410206794739,0.888,0.8936,0.7635459768295288,7:58:50,cuda:0,0.001
40700,0.8827101227458021,0.8410301694456741,0.8027676342010498,0.8784,0.8936,0.7635459768295288,7:58:50,cuda:0,0.001
40800,0.8819245701785247,0.8413808740370934,0.7903876358985901,0.8852,0.8936,0.7635459768295288,7:58:50,cuda:0,0.001
40900,0.881142024521342,0.8417289061352846,0.780194485092163,0.886,0.8936,0.7635459768295288,7:58:50,cuda:0,0.001
41000,0.8803412468921952,0.8420868731995508,0.8022801876068115,0.8791,0.8936,0.7635459768295288,7:58:50,cuda:0,0.001
41100,0.8795839136675918,0.8424292907307005,0.7805657828330994,0.8844,0.8936,0.7635459768295288,7:58:50,cuda:0,0.001
41200,0.8787894913399077,0.8427838201844557,0.7776427256584167,0.8852,0.8936,0.7635459768295288,7:58:50,cuda:0,0.001
41300,0.8780062506978964,0.8431332230613797,0.7878488693237304,0.8848,0.8936,0.7635459768295288,7:58:50,cuda:0,0.001
41400,0.8772349579160978,0.8434752699513136,0.7907345957756042,0.8814,0.8936,0.7635459768295288,7:58:50,cuda:0,0.001
41500,0.8765018711113377,0.843806528686424,0.7944071193695068,0.8798,0.8936,0.7635459768295288,7:58:50,cuda:0,0.001
41600,0.8757609341520235,0.8441376056422749,0.8077732822418213,0.8776,0.8936,0.7635459768295288,7:58:50,cuda:0,0.001
41700,0.875001949722315,0.8444762819166491,0.8058061094284058,0.8785,0.8936,0.7635459768295288,7:58:50,cuda:0,0.001
41800,0.8742523753927419,0.8448124008500704,0.8037687770843506,0.8769,0.8936,0.7635459768295288,7:58:50,cuda:0,0.001
41900,0.8735322662177376,0.845137501605019,0.7890829653739929,0.8828,0.8936,0.7635459768295288,7:58:50,cuda:0,0.001
42000,0.8727650571548506,0.8454791963942602,0.7782782835006714,0.8861,0.8936,0.7635459768295288,7:58:50,cuda:0,0.001
42100,0.8719854751272056,0.8458259531571799,0.7983619037628173,0.8844,0.8936,0.7635459768295288,7:58:50,cuda:0,0.001
42200,0.871234582214804,0.8461575379424644,0.7883715372085571,0.8874,0.8936,0.7635459768295288,7:58:50,cuda:0,0.001
42300,0.8705249459263311,0.8464782420936808,0.7860255783081055,0.8842,0.8936,0.7635459768295288,7:58:50,cuda:0,0.001
42400,0.8697777376908747,0.8468093064293386,0.7738571838378906,0.8893,0.8936,0.7635459768295288,7:58:50,cuda:0,0.001
42500,0.8690254422726391,0.8471434112292602,0.7906840609550476,0.8848,0.8936,0.7635459768295288,7:58:50,cuda:0,0.001
42600,0.8683135723832689,0.8474577733461778,0.7708820087432862,0.8901,0.8936,0.7635459768295288,7:58:50,cuda:0,0.001
42700,0.8676156395600068,0.847775916327015,0.7709056034088134,0.8895,0.8936,0.7635459768295288,7:58:50,cuda:0,0.001
42800,0.8668713471327191,0.8481079773503937,0.7872330852508544,0.8882,0.8936,0.7635459768295288,7:58:50,cuda:0,0.001
42900,0.866133211538499,0.8484350255628046,0.8014496662139893,0.8798,0.8936,0.7635459768295288,7:58:50,cuda:0,0.001
43000,0.8654241624879476,0.8487505492011488,0.7923816484451294,0.8823,0.8936,0.7635459768295288,7:58:50,cuda:0,0.001
43100,0.8647376177445062,0.8490602084893665,0.7814150974273681,0.8869,0.8936,0.7635459768295288,7:58:50,cuda:0,0.001
43200,0.8640533696255942,0.8493619634034025,0.789486639213562,0.8827,0.8936,0.7635459768295288,7:58:50,cuda:0,0.001
43300,0.8633508557929244,0.8496755066776854,0.8112970943450928,0.875,0.8936,0.7635459768295288,7:58:50,cuda:0,0.001
43400,0.8626362772335018,0.8499920720720721,0.7635459768295288,0.8936,0.8936,0.7635459768295288,7:58:50,cuda:0,0.001
43500,0.8619480594073516,0.8503016466527648,0.7861909841537476,0.8844,0.8936,0.7635459768295288,7:58:50,cuda:0,0.001
43600,0.861233970392502,0.8506169739579597,0.7879653238296509,0.8864,0.8936,0.7635459768295288,7:58:50,cuda:0,0.001
43700,0.8605210275713507,0.8509335409061628,0.7835219923973084,0.8852,0.8936,0.7635459768295288,7:58:50,cuda:0,0.001
43800,0.8598292394272166,0.851240780468018,0.9490871464729309,0.8312,0.8936,0.7635459768295288,7:58:50,cuda:0,0.001
43900,0.859157870612965,0.8515388090243735,0.782613196182251,0.8883,0.8936,0.7635459768295288,7:58:50,cuda:0,0.001
44000,0.8584492215169984,0.8518523652721854,0.7916804769515992,0.8836,0.8936,0.7635459768295288,7:58:50,cuda:0,0.001
44100,0.8577484444804138,0.8521644981729045,0.785057398223877,0.8858,0.8936,0.7635459768295288,7:58:50,cuda:0,0.001
44200,0.857048486449745,0.8524759107082704,0.8048569406509399,0.8791,0.8936,0.7635459768295288,7:58:50,cuda:0,0.001
44300,0.8563521848726979,0.8527831086596116,0.7858130317687988,0.887,0.8936,0.7635459768295288,7:58:50,cuda:0,0.001
44400,0.8556593256235157,0.8530880409390508,0.7800677526473999,0.8882,0.8936,0.7635459768295288,7:58:50,cuda:0,0.001
44500,0.8549901660130614,0.853382112301044,0.8405514651298523,0.8641,0.8936,0.7635459768295288,7:58:50,cuda:0,0.001
44600,0.8543572700849066,0.8536627616659093,0.7999514978408814,0.878,0.8936,0.7635459768295288,7:58:50,cuda:0,0.001
44700,0.8536856217158857,0.8539591298920133,0.781372869682312,0.8874,0.8936,0.7635459768295288,7:58:50,cuda:0,0.001
44800,0.8529842245335264,0.8542681377176274,0.7914155660629273,0.8828,0.8936,0.7635459768295288,7:58:50,cuda:0,0.001
44900,0.8522927101062896,0.8545738520784917,0.7969579486846924,0.8842,0.8936,0.7635459768295288,7:58:50,cuda:0,0.001
45000,0.8516387989601084,0.8548658744435763,0.7986854879379273,0.8793,0.8936,0.7635459768295288,7:58:50,cuda:0,0.001
45100,0.8509556860136713,0.8551676940490425,0.7758515133857727,0.8913,0.8936,0.7635459768295288,7:58:50,cuda:0,0.001
45200,0.850301115772007,0.8554565856453609,0.7803265958786011,0.8877,0.8936,0.7635459768295288,7:58:50,cuda:0,0.001
45300,0.8496168570491719,0.8557568019930233,0.7998642439842224,0.881,0.8936,0.7635459768295288,7:58:50,cuda:0,0.001
45400,0.8489753683977548,0.8560426197431517,0.8014946304321289,0.8778,0.8936,0.7635459768295288,7:58:50,cuda:0,0.001
45500,0.8483244582377192,0.856329572952758,0.7977739406585693,0.8791,0.8936,0.7635459768295288,7:58:50,cuda:0,0.001
45600,0.84766806217918,0.8566197250727103,0.8234034580230712,0.8714,0.8936,0.7635459768295288,7:58:50,cuda:0,0.001
45700,0.8470061733350235,0.8569157928598806,0.7810975679397583,0.8869,0.8936,0.7635459768295288,7:58:50,cuda:0,0.001
45800,0.8463738044038507,0.8571993227830639,0.7999343810081482,0.8813,0.8936,0.7635459768295288,7:58:50,cuda:0,0.001
45900,0.8457165950443419,0.8574887490220985,0.7876532985687256,0.8833,0.8936,0.7635459768295288,7:58:50,cuda:0,0.001
46000,0.8450658919072583,0.8577762357305858,0.8042088519096374,0.8756,0.8936,0.7635459768295288,7:58:50,cuda:0,0.001
46100,0.8444125654293276,0.8580650184417721,0.7871454118728638,0.8846,0.8936,0.7635459768295288,7:58:50,cuda:0,0.001
46200,0.84378842009182,0.8583434438083271,0.7915577748298644,0.8831,0.8936,0.7635459768295288,7:58:50,cuda:0,0.001
46300,0.8431733101334966,0.8586133712917574,0.8282944525718688,0.8736,0.8936,0.7635459768295288,7:58:50,cuda:0,0.001
46400,0.842524857561225,0.8589005039719134,0.7774521310806275,0.886,0.8936,0.7635459768295288,7:58:50,cuda:0,0.001
46500,0.8418897250722394,0.8591776558304229,0.7896557807922363,0.8853,0.8936,0.7635459768295288,7:58:50,cuda:0,0.001
46600,0.8412796342396676,0.8594518137956403,0.7933339998245239,0.8835,0.8936,0.7635459768295288,7:58:50,cuda:0,0.001
46700,0.8406650667274537,0.8597202351768649,0.7962661525726319,0.8768,0.8936,0.7635459768295288,7:58:50,cuda:0,0.001
46800,0.8400470032992768,0.8599933565209023,0.7815623567581177,0.885,0.8936,0.7635459768295288,7:58:50,cuda:0,0.001
46900,0.8394140250064903,0.8602709810031186,0.7810055119514465,0.8842,0.8936,0.7635459768295288,7:58:50,cuda:0,0.001
47000,0.8388059735723397,0.8605431481067383,0.782575083732605,0.886,0.8936,0.7635459768295288,7:58:50,cuda:0,0.001
47100,0.83818775175069,0.8608142758096736,0.8110599685668946,0.8795,0.8936,0.7635459768295288,7:58:50,cuda:0,0.001
47200,0.8375510586286149,0.861092040249385,0.7729760330200195,0.8897,0.8936,0.7635459768295288,7:58:50,cuda:0,0.001
47300,0.8369145745725898,0.8613727621889284,0.780751488685608,0.8881,0.8936,0.7635459768295288,7:58:50,cuda:0,0.001
47400,0.8363282869360865,0.8616347054864126,0.7838779029846191,0.8818,0.8936,0.7635459768295288,7:58:50,cuda:0,0.001
47500,0.8357403505324036,0.8618935123602313,0.8017929864883423,0.8809,0.8936,0.7635459768295288,7:58:50,cuda:0,0.001
47600,0.8351289480668058,0.8621610876736453,0.7798993770599365,0.884,0.8936,0.7635459768295288,7:58:50,cuda:0,0.001
47700,0.8345148805352555,0.8624309827014125,0.796263649559021,0.8841,0.8936,0.7635459768295288,7:58:50,cuda:0,0.001
47800,0.8339330510757743,0.8626929434460086,0.7858687824249267,0.8843,0.8936,0.7635459768295288,7:58:50,cuda:0,0.001
47900,0.8333182726073969,0.8629625602729063,0.8136846457481385,0.8785,0.8936,0.7635459768295288,7:58:50,cuda:0,0.001
48000,0.832727989352943,0.8632222553839256,0.8049104867935181,0.8814,0.8936,0.7635459768295288,7:58:50,cuda:0,0.001
48100,0.8321433372831261,0.8634794791891561,0.8238737468719483,0.8679,0.8936,0.7635459768295288,7:58:50,cuda:0,0.001
48200,0.8315302379829933,0.8637469207427078,0.7868151675224304,0.885,0.8936,0.7635459768295288,7:58:50,cuda:0,0.001
48300,0.8309233971841523,0.8640129300407472,0.8239082239151001,0.8708,0.8936,0.7635459768295288,7:58:50,cuda:0,0.001
48400,0.8303317324781322,0.8642699223708055,0.7854726594924927,0.8883,0.8936,0.7635459768295288,7:58:50,cuda:0,0.001
48500,0.8297465986676507,0.864528191396052,0.8016177179336548,0.8774,0.8936,0.7635459768295288,7:58:50,cuda:0,0.001
48600,0.8291590447077651,0.8647849967562223,0.791587378692627,0.8833,0.8936,0.7635459768295288,7:58:50,cuda:0,0.001
48700,0.8285757410197837,0.8650418704847445,0.8006651281356811,0.8803,0.8936,0.7635459768295288,7:58:50,cuda:0,0.001
48800,0.8279864975765214,0.8653002543354973,0.80235095911026,0.8775,0.8936,0.7635459768295288,7:58:50,cuda:0,0.001
48900,0.8274169854642733,0.8655511113442315,0.806026743221283,0.8762,0.8936,0.7635459768295288,7:58:50,cuda:0,0.001
49000,0.8268368827571695,0.8658059650233765,0.8013229705810547,0.8799,0.8936,0.7635459768295288,7:58:50,cuda:0,0.001
49100,0.8262596472172861,0.8660593018426075,0.8028613393783569,0.8786,0.8936,0.7635459768295288,7:58:50,cuda:0,0.001
49200,0.8256787972629079,0.86631287938703,0.7742863319396973,0.8878,0.8936,0.7635459768295288,7:58:50,cuda:0,0.001
49300,0.825111223396225,0.866564252721874,0.7936255083084106,0.8813,0.8936,0.7635459768295288,7:58:50,cuda:0,0.001
49400,0.824538624431274,0.866814198515817,0.7933120813369751,0.8843,0.8936,0.7635459768295288,7:58:50,cuda:0,0.001
49500,0.8239620163151261,0.8670655031216035,0.7897406792640687,0.8838,0.8936,0.7635459768295288,7:58:50,cuda:0,0.001
49600,0.8233809592405518,0.8673189465983906,0.7769288369178772,0.8872,0.8936,0.7635459768295288,7:58:50,cuda:0,0.001
49700,0.822822016417429,0.867564547475373,0.7849023191452026,0.8843,0.8936,0.7635459768295288,7:58:50,cuda:0,0.001
49800,0.8222667664629333,0.8678054503840191,0.8177784326553345,0.8762,0.8936,0.7635459768295288,7:58:50,cuda:0,0.001
49900,0.8217107528933324,0.8680486777474945,0.7865635063171387,0.8846,0.8936,0.7635459768295288,7:58:50,cuda:0,0.001
50000,0.821147008405247,0.8682957795644438,0.8059843543052674,0.878,0.8936,0.7635459768295288,7:58:50,cuda:0,0.001
50100,0.8206013205908678,0.8685391922062614,0.7954520416259766,0.8821,0.8936,0.7635459768295288,7:58:50,cuda:0,0.001
50200,0.8200403988293616,0.8687830862560565,0.7857480667114258,0.887,0.8936,0.7635459768295288,7:58:50,cuda:0,0.001
50300,0.8194832222033711,0.8690253877877938,0.7965214361190796,0.8829,0.8936,0.7635459768295288,7:58:50,cuda:0,0.001
50400,0.8189246527329932,0.8692695196909817,0.7956584194183349,0.88,0.8936,0.7635459768295288,7:58:50,cuda:0,0.001
50500,0.8183890247678361,0.8695078427534741,0.796166586303711,0.8816,0.8936,0.7635459768295288,7:58:50,cuda:0,0.001
50600,0.8178218953483384,0.869755156136798,0.7927330612182617,0.883,0.8936,0.7635459768295288,7:58:50,cuda:0,0.001
50700,0.8172894077823072,0.8699869947510124,0.8207739521026611,0.8788,0.8936,0.7635459768295288,7:58:50,cuda:0,0.001
50800,0.816742859839968,0.8702242310126816,0.8178070909500122,0.8728,0.8936,0.7635459768295288,7:58:50,cuda:0,0.001
50900,0.8162326619192921,0.8704520510400228,0.7892359544754028,0.8825,0.8936,0.7635459768295288,7:58:50,cuda:0,0.001
51000,0.815691739030495,0.8706892850659196,0.8085601507186889,0.8753,0.8936,0.7635459768295288,7:58:50,cuda:0,0.001
51100,0.8151450258378043,0.870926507891425,0.7849487823486329,0.8857,0.8936,0.7635459768295288,7:58:50,cuda:0,0.001
51200,0.8145969570866085,0.8711658578068413,0.8063111082077027,0.8798,0.8936,0.7635459768295288,7:58:50,cuda:0,0.001
51300,0.814079621787647,0.8713944916649391,0.784182901096344,0.8829,0.8936,0.7635459768295288,7:58:50,cuda:0,0.001
51400,0.8135449885074258,0.8716278921168896,0.7768583919525146,0.8874,0.8936,0.7635459768295288,7:58:50,cuda:0,0.001
51500,0.8129986415464204,0.8718667626301276,0.7873361819267273,0.886,0.8936,0.7635459768295288,7:58:50,cuda:0,0.001
51600,0.8124517241361733,0.8721051610634919,0.7891883468627929,0.8838,0.8936,0.7635459768295288,7:58:50,cuda:0,0.001
51700,0.8119295427379477,0.8723359619275336,0.7914547592163086,0.8856,0.8936,0.7635459768295288,7:58:50,cuda:0,0.001
51800,0.811417787431831,0.8725583437195057,0.8201534606933594,0.8747,0.8936,0.7635459768295288,7:58:50,cuda:0,0.001
51900,0.8109129091438575,0.8727783610406642,0.7948249181747437,0.8812,0.8936,0.7635459768295288,7:58:50,cuda:0,0.001
52000,0.8104015813828818,0.8730005389642262,0.8202901256561279,0.8733,0.8936,0.7635459768295288,7:58:50,cuda:0,0.001
52100,0.8099006482865703,0.8732236515060914,0.7831591035842895,0.8859,0.8936,0.7635459768295288,7:58:50,cuda:0,0.001
52200,0.8093796492493259,0.8734486192771489,0.8145177293777466,0.8745,0.8936,0.7635459768295288,7:58:50,cuda:0,0.001
52300,0.8088794523951515,0.8736658481037489,0.8040970471382141,0.8768,0.8936,0.7635459768295288,7:58:50,cuda:0,0.001
52400,0.8083717819686881,0.8738880591491048,0.8395090627670289,0.8715,0.8936,0.7635459768295288,7:58:50,cuda:0,0.001
52500,0.8078444904235199,0.8741167309333041,0.7842287450790405,0.8847,0.8936,0.7635459768295288,7:58:50,cuda:0,0.001
52600,0.8073139485182357,0.8743478030760741,0.7979508981704712,0.8829,0.8936,0.7635459768295288,7:58:50,cuda:0,0.001
52700,0.8067974127229393,0.8745722105098218,0.7923261338233948,0.8828,0.8936,0.7635459768295288,7:58:50,cuda:0,0.001
52800,0.8062965078071375,0.8747905820574735,0.8054523626327514,0.8769,0.8936,0.7635459768295288,7:58:50,cuda:0,0.001
52900,0.8057893886996035,0.8750119736614924,0.7863499067306519,0.8836,0.8936,0.7635459768295288,7:58:50,cuda:0,0.001
53000,0.805286246423358,0.8752310536044362,0.7962735372543335,0.8815,0.8936,0.7635459768295288,7:58:50,cuda:0,0.001
53100,0.80477572481205,0.875451369335278,0.8004849655151367,0.8829,0.8936,0.7635459768295288,7:58:50,cuda:0,0.001
53200,0.8042795060091387,0.8756667450611477,0.8216503360748291,0.8698,0.8936,0.7635459768295288,7:58:50,cuda:0,0.001
53300,0.8037846800900401,0.875881455399061,0.7974759533882141,0.8802,0.8936,0.7635459768295288,7:58:50,cuda:0,0.001
53400,0.8032955622282001,0.8760950679475163,0.7936127798080445,0.8828,0.8936,0.7635459768295288,7:58:50,cuda:0,0.001
53500,0.8027989030475366,0.8763106583255379,0.7844631101608276,0.8899,0.8936,0.7635459768295288,7:58:50,cuda:0,0.001
53600,0.802313012886469,0.8765234116952266,0.7983252501487732,0.8787,0.8936,0.7635459768295288,7:58:50,cuda:0,0.001
53700,0.8018199574647193,0.8767369646106566,0.8262908243179321,0.8705,0.8936,0.7635459768295288,7:58:50,cuda:0,0.001
53800,0.8013308093287538,0.876948414756382,0.8158471456527709,0.8774,0.8936,0.7635459768295288,7:58:50,cuda:0,0.001
53900,0.8008444240104925,0.8771584992467449,0.7792659268379212,0.8882,0.8936,0.7635459768295288,7:58:50,cuda:0,0.001
54000,0.800364547663724,0.8773692694986492,0.7958757917404174,0.8801,0.8936,0.7635459768295288,7:58:50,cuda:0,0.001
54100,0.7998784558307898,0.877579823031772,0.7857246225357055,0.8873,0.8936,0.7635459768295288,7:58:50,cuda:0,0.001
54200,0.7993813934833924,0.8777969570215653,0.7932333283424378,0.8844,0.8936,0.7635459768295288,7:58:50,cuda:0,0.001
54300,0.7988929849419473,0.8780081061028493,0.7984773971557617,0.8807,0.8936,0.7635459768295288,7:58:50,cuda:0,0.001
54400,0.7984221791777233,0.878215194196752,0.7867902692794799,0.8838,0.8936,0.7635459768295288,7:58:50,cuda:0,0.001
54500,0.7979388658789083,0.8784252314671331,0.8040194805145263,0.8809,0.8936,0.7635459768295288,7:58:50,cuda:0,0.001
54600,0.7974574922692256,0.8786339257684049,0.805597465133667,0.8777,0.8936,0.7635459768295288,7:58:50,cuda:0,0.001
54700,0.7969884632066165,0.8788387112269008,0.7953802145957947,0.8821,0.8936,0.7635459768295288,7:58:50,cuda:0,0.001
54800,0.7965355166051166,0.8790376391590637,0.7818734209060669,0.8855,0.8936,0.7635459768295288,7:58:50,cuda:0,0.001
54900,0.7960581665010938,0.8792446466175009,0.8098624458312988,0.8792,0.8936,0.7635459768295288,7:58:50,cuda:0,0.001
55000,0.7956002373995281,0.8794430807938343,0.8072079998016357,0.8769,0.8936,0.7635459768295288,7:58:50,cuda:0,0.001
55100,0.7951339188613408,0.8796457612378176,0.7859437978744507,0.8811,0.8936,0.7635459768295288,7:58:50,cuda:0,0.001
55200,0.7946798041428954,0.8798446230039553,0.7898815618515015,0.8851,0.8936,0.7635459768295288,7:58:50,cuda:0,0.001
55300,0.7941951308715467,0.8800536217292442,0.7980788912773132,0.8802,0.8936,0.7635459768295288,7:58:50,cuda:0,0.001
55400,0.7937126948290517,0.8802624298474429,0.7963525551795959,0.8822,0.8936,0.7635459768295288,7:58:50,cuda:0,0.001
55500,0.7932473545838116,0.8804635808244192,0.7985091590881348,0.8781,0.8936,0.7635459768295288,7:58:50,cuda:0,0.001
55600,0.7927933385219137,0.8806644677327164,0.7802249475479126,0.8866,0.8936,0.7635459768295288,7:58:50,cuda:0,0.001
55700,0.7923253821964412,0.8808665613164953,0.7953099736213685,0.8841,0.8936,0.7635459768295288,7:58:50,cuda:0,0.001
55800,0.7918595505237812,0.8810687707127194,0.8000136207580566,0.8818,0.8936,0.7635459768295288,7:58:50,cuda:0,0.001
55900,0.7914166282538825,0.8812600440483278,0.8155241836547852,0.8772,0.8936,0.7635459768295288,7:58:50,cuda:0,0.001
56000,0.7909767704284193,0.8814534696668074,0.78449855260849,0.8871,0.8936,0.7635459768295288,7:58:50,cuda:0,0.001
56100,0.7905200294937637,0.8816492297810558,0.7956266988754273,0.8829,0.8936,0.7635459768295288,7:58:50,cuda:0,0.001
56200,0.7900696719749498,0.8818430403024184,0.818235302734375,0.8757,0.8936,0.7635459768295288,7:58:50,cuda:0,0.001
56300,0.7896122626740707,0.8820417175023724,0.7896516669273377,0.8843,0.8936,0.7635459768295288,7:58:50,cuda:0,0.001
56400,0.7891658874435564,0.8822379352494365,0.7799772254943848,0.8868,0.8936,0.7635459768295288,7:58:50,cuda:0,0.001
56500,0.7887115309031977,0.8824332725831311,0.7946039609909058,0.8832,0.8936,0.7635459768295288,7:58:50,cuda:0,0.001
56600,0.7882532593363727,0.8826310966983217,0.781136706161499,0.8868,0.8936,0.7635459768295288,7:58:50,cuda:0,0.001
56700,0.7878005784814025,0.8828274466925434,0.8379617768287658,0.8646,0.8936,0.7635459768295288,7:58:50,cuda:0,0.001
56800,0.7873561423667562,0.8830203007667857,0.7898959259033204,0.8861,0.8936,0.7635459768295288,7:58:50,cuda:0,0.001
56900,0.7869157094508336,0.8832112394535295,0.8089622584342957,0.8754,0.8936,0.7635459768295288,7:58:50,cuda:0,0.001
57000,0.7864688874726008,0.8834046629190053,0.8018337129592895,0.8811,0.8936,0.7635459768295288,7:58:50,cuda:0,0.001
57100,0.786028607642303,0.8835960952735719,0.8223075625419617,0.8727,0.8936,0.7635459768295288,7:58:50,cuda:0,0.001
57200,0.7855928665864086,0.8837854353960234,0.7927781430244446,0.8852,0.8936,0.7635459768295288,7:58:50,cuda:0,0.001
57300,0.7851685217942468,0.883969473983012,0.8193051836967469,0.8739,0.8936,0.7635459768295288,7:58:50,cuda:0,0.001
57400,0.7847278798632357,0.8841590012424526,0.7863040725708008,0.887,0.8936,0.7635459768295288,7:58:50,cuda:0,0.001
57500,0.7842916336884902,0.8843486096695368,0.7984569491386414,0.879,0.8936,0.7635459768295288,7:58:50,cuda:0,0.001
57600,0.783854354373473,0.8845364133397919,0.7870050818443298,0.8842,0.8936,0.7635459768295288,7:58:50,cuda:0,0.001
57700,0.7834141975341307,0.8847257338447894,0.7897311050415039,0.8856,0.8936,0.7635459768295288,7:58:50,cuda:0,0.001
57800,0.7829827133093923,0.8849116928265439,0.8051793398857117,0.8826,0.8936,0.7635459768295288,7:58:50,cuda:0,0.001
57900,0.7825544522197522,0.8850968042025741,0.7947521448135376,0.88,0.8936,0.7635459768295288,7:58:50,cuda:0,0.001
58000,0.782116250436627,0.8852863358673236,0.7872850479125977,0.8856,0.8936,0.7635459768295288,7:58:50,cuda:0,0.001
58100,0.7816779537450701,0.8854752144869111,0.7917862368583679,0.8831,0.8936,0.7635459768295288,7:58:50,cuda:0,0.001
58200,0.7812424414225996,0.8856638465143476,0.793825936794281,0.8842,0.8936,0.7635459768295288,7:58:50,cuda:0,0.001
58300,0.7808245435987696,0.8858462671768668,0.7999050221443176,0.8795,0.8936,0.7635459768295288,7:58:50,cuda:0,0.001
58400,0.7803943885138366,0.8860324127337117,0.7923124494552612,0.8838,0.8936,0.7635459768295288,7:58:50,cuda:0,0.001
58500,0.7799609402326191,0.8862193916943457,0.7921579317092895,0.8826,0.8936,0.7635459768295288,7:58:50,cuda:0,0.001
58600,0.7795519041292889,0.8863955901537489,0.8053727157592774,0.8795,0.8936,0.7635459768295288,7:58:50,cuda:0,0.001
58700,0.7791429225047888,0.8865743257069048,0.8015847984313965,0.8809,0.8936,0.7635459768295288,7:58:50,cuda:0,0.001
58800,0.7787117298508609,0.8867602264457675,0.7854268116950989,0.886,0.8936,0.7635459768295288,7:58:50,cuda:0,0.001
58900,0.7782748807437291,0.88694748681913,0.7912804598808288,0.8867,0.8936,0.7635459768295288,7:58:50,cuda:0,0.001
59000,0.7778466530290996,0.8871317261079231,0.7971896479606628,0.8808,0.8936,0.7635459768295288,7:58:50,cuda:0,0.001
59100,0.7774339172496413,0.8873134348106826,0.7920497464179993,0.8838,0.8936,0.7635459768295288,7:58:50,cuda:0,0.001
59200,0.7770136619636844,0.8874949805032177,0.8378055034637452,0.8689,0.8936,0.7635459768295288,7:58:50,cuda:0,0.001
59300,0.7766209399806684,0.8876637813716493,0.8199127589225769,0.8722,0.8936,0.7635459768295288,7:58:50,cuda:0,0.001
59400,0.776223769290224,0.8878354361723415,0.7884223466873169,0.8844,0.8936,0.7635459768295288,7:58:50,cuda:0,0.001
59500,0.77582426723445,0.8880102754272929,0.8057018997192383,0.8786,0.8936,0.7635459768295288,7:58:50,cuda:0,0.001
59600,0.7754126132379436,0.8881866770791348,0.8241479601860047,0.8731,0.8936,0.7635459768295288,7:58:50,cuda:0,0.001
59700,0.7750123839946063,0.8883585576503923,0.7959307782173157,0.8809,0.8936,0.7635459768295288,7:58:50,cuda:0,0.001
59800,0.7746147033561422,0.888529862831414,0.7946792181968689,0.8825,0.8936,0.7635459768295288,7:58:50,cuda:0,0.001
59900,0.7742154664271321,0.8887044672678167,0.7965003219604492,0.8837,0.8936,0.7635459768295288,7:58:50,cuda:0,0.001
60000,0.7738051647350433,0.8888807504551152,0.7885411658287048,0.8857,0.8936,0.7635459768295288,7:58:50,cuda:0,0.001
60100,0.7733930636919564,0.8890574873685592,0.7858237579345703,0.8871,0.8936,0.7635459768295288,7:58:50,cuda:0,0.001
60200,0.77297779741244,0.8892354551292843,0.8035921238899231,0.8842,0.8936,0.7635459768295288,7:58:50,cuda:0,0.001
60300,0.7725825121020505,0.8894069563810053,0.7941411451339722,0.879,0.8936,0.7635459768295288,7:58:50,cuda:0,0.001
60400,0.7721788877909896,0.8895803901016269,0.8236873596191406,0.8719,0.8936,0.7635459768295288,7:58:50,cuda:0,0.001
60500,0.7717919966654773,0.8897467872756677,0.8107918984413147,0.8803,0.8936,0.7635459768295288,7:58:50,cuda:0,0.001
60600,0.7714055052301666,0.8899117314894724,0.7900497646331787,0.8873,0.8936,0.7635459768295288,7:58:50,cuda:0,0.001
60700,0.7710133265402012,0.8900840834558058,0.7894028615951538,0.8821,0.8936,0.7635459768295288,7:58:50,cuda:0,0.001
60800,0.7706141013265324,0.8902551328036415,0.8010235455513001,0.8799,0.8936,0.7635459768295288,7:58:50,cuda:0,0.001
60900,0.7702167316366374,0.8904249778630612,0.7764133399009705,0.8874,0.8936,0.7635459768295288,7:58:50,cuda:0,0.001
61000,0.769821222266528,0.8905939769044591,0.8066443429946899,0.8804,0.8936,0.7635459768295288,7:58:50,cuda:0,0.001
61100,0.7694256261725261,0.890763479338166,0.8083481246948242,0.8771,0.8936,0.7635459768295288,7:58:50,cuda:0,0.001
61200,0.7690330742600359,0.8909321717708631,0.8167127071380615,0.8753,0.8936,0.7635459768295288,7:58:50,cuda:0,0.001
61300,0.7686367509520511,0.8911018441033596,0.7939605904579162,0.8845,0.8936,0.7635459768295288,7:58:50,cuda:0,0.001
61400,0.7682656889749219,0.8912620201859652,0.8426142543792725,0.8654,0.8936,0.7635459768295288,7:58:50,cuda:0,0.001
61500,0.7678847662796544,0.8914276799101594,0.7921857978820801,0.8833,0.8936,0.7635459768295288,7:58:50,cuda:0,0.001
61600,0.7674975919030342,0.8915936898912736,0.7863470767974854,0.8856,0.8936,0.7635459768295288,7:58:50,cuda:0,0.001
61700,0.767108083911573,0.8917605553831897,0.8057217912673951,0.8783,0.8936,0.7635459768295288,7:58:50,cuda:0,0.001
61800,0.7667321390785858,0.8919239463167143,0.8017938042640687,0.881,0.8936,0.7635459768295288,7:58:50,cuda:0,0.001
61900,0.766338630922018,0.8920913814292125,0.7927870248794555,0.8832,0.8936,0.7635459768295288,7:58:50,cuda:0,0.001
62000,0.7659528470380684,0.8922565101486477,0.7833142948150634,0.8867,0.8936,0.7635459768295288,7:58:50,cuda:0,0.001
62100,0.7655650403654884,0.8924236250186366,0.7785377151489258,0.8907,0.8936,0.7635459768295288,7:58:50,cuda:0,0.001
62200,0.7651802541860815,0.892588799531713,0.7952009477615356,0.8805,0.8936,0.7635459768295288,7:58:50,cuda:0,0.001
62300,0.7648168563615814,0.8927443009171954,0.8215392375946045,0.8755,0.8936,0.7635459768295288,7:58:50,cuda:0,0.001
62400,0.7644372338879659,0.8929079503780595,0.7914225751876831,0.8853,0.8936,0.7635459768295288,7:58:50,cuda:0,0.001
62500,0.7640657240279567,0.8930655705051338,0.7991426468849182,0.882,0.8936,0.7635459768295288,7:58:50,cuda:0,0.001
62600,0.763705125249661,0.8932225460098175,0.7965170211791992,0.879,0.8936,0.7635459768295288,7:58:50,cuda:0,0.001
62700,0.7633218857713975,0.8933870188853945,0.7736724374771118,0.8897,0.8936,0.7635459768295288,7:58:50,cuda:0,0.001
62800,0.7629298412155348,0.8935543295054271,0.7821493574142456,0.8852,0.8936,0.7635459768295288,7:58:50,cuda:0,0.001
62900,0.7625526893785003,0.8937161347687019,0.7925413297653199,0.8868,0.8936,0.7635459768295288,7:58:50,cuda:0,0.001
63000,0.7621802501366904,0.8938764212303262,0.7958009044647216,0.8847,0.8936,0.7635459768295288,7:58:50,cuda:0,0.001
63100,0.7618010040386829,0.8940388142566797,0.7841455280303955,0.8857,0.8936,0.7635459768295288,7:58:50,cuda:0,0.001
63200,0.7614323794018718,0.894196857213561,0.8024934206008911,0.88,0.8936,0.7635459768295288,7:58:50,cuda:0,0.001
63300,0.7610701107355589,0.894351929633839,0.785792346572876,0.8838,0.8936,0.7635459768295288,7:58:50,cuda:0,0.001
63400,0.760703655981036,0.894510944857338,0.7977281414031983,0.8815,0.8936,0.7635459768295288,7:58:50,cuda:0,0.001
63500,0.7603426603675436,0.8946647879303754,0.8444910713195801,0.8628,0.8936,0.7635459768295288,7:58:50,cuda:0,0.001
63600,0.7599908152620218,0.8948165483689472,0.8018443639755249,0.8825,0.8936,0.7635459768295288,7:58:50,cuda:0,0.001
63700,0.7596252825367673,0.8949727422896673,0.7851094543457031,0.8877,0.8936,0.7635459768295288,7:58:50,cuda:0,0.001
63800,0.7592626878382275,0.8951294225161252,0.8038054986953735,0.8802,0.8936,0.7635459768295288,7:58:50,cuda:0,0.001
63900,0.7589040311017045,0.8952817008961875,0.8250913244247436,0.8762,0.8936,0.7635459768295288,7:58:50,cuda:0,0.001
64000,0.7585459885117118,0.8954343582545321,0.8027020963668823,0.8813,0.8936,0.7635459768295288,7:58:50,cuda:0,0.001
64100,0.758186732096051,0.8955887347531518,0.8150316942214966,0.8778,0.8936,0.7635459768295288,7:58:50,cuda:0,0.001
64200,0.7578331156500491,0.8957427511517864,0.7911168064117432,0.8831,0.8936,0.7635459768295288,7:58:50,cuda:0,0.001
64300,0.7574670028584088,0.8958979920843095,0.811163392162323,0.8781,0.8936,0.7635459768295288,7:58:50,cuda:0,0.001
64400,0.7571037599820117,0.8960528718749757,0.805797534942627,0.88,0.8936,0.7635459768295288,7:58:50,cuda:0,0.001
64500,0.7567555431423196,0.8962016940308352,0.8039405637741089,0.8792,0.8936,0.7635459768295288,7:58:50,cuda:0,0.001
64600,0.7564068613863183,0.8963533263737307,0.7930941847801208,0.8821,0.8936,0.7635459768295288,7:58:50,cuda:0,0.001
64700,0.7560520197380455,0.8965055751837606,0.8039720446586609,0.8811,0.8936,0.7635459768295288,7:58:50,cuda:0,0.001
64800,0.7557099982710728,0.8966513198162626,0.8167222336769104,0.8784,0.8936,0.7635459768295288,7:58:50,cuda:0,0.001
64900,0.755358854366247,0.896801675492999,0.8060892367362976,0.8821,0.8936,0.7635459768295288,7:58:50,cuda:0,0.001
65000,0.7550138947396983,0.8969504918095899,0.8026677827835083,0.8802,0.8936,0.7635459768295288,7:58:50,cuda:0,0.001
65100,0.7546610365178611,0.8971007668505314,0.8137321071624756,0.8767,0.8936,0.7635459768295288,7:58:50,cuda:0,0.001
65200,0.7543036146427107,0.8972534589625991,0.7873681357383728,0.885,0.8936,0.7635459768295288,7:58:50,cuda:0,0.001
65300,0.7539459090227395,0.8974047339851736,0.8465171722412109,0.8623,0.8936,0.7635459768295288,7:58:50,cuda:0,0.001
65400,0.7535975519003026,0.897552668129564,0.7922076747894287,0.886,0.8936,0.7635459768295288,7:58:50,cuda:0,0.001
65500,0.7532492679115368,0.8977019409482586,0.8142555362701416,0.878,0.8936,0.7635459768295288,7:58:50,cuda:0,0.001
65600,0.7529068670408392,0.8978481357296393,0.8425379950523376,0.8664,0.8936,0.7635459768295288,7:58:50,cuda:0,0.001
65700,0.7525736170953217,0.8979928261830038,0.8188718615531921,0.8777,0.8936,0.7635459768295288,7:58:50,cuda:0,0.001
65800,0.7522242382926317,0.898141224444005,0.7998064026832581,0.8791,0.8936,0.7635459768295288,7:58:50,cuda:0,0.001
65900,0.7518796006798646,0.8982876292946322,0.796495560836792,0.8836,0.8936,0.7635459768295288,7:58:50,cuda:0,0.001
66000,0.751524881862228,0.8984382108950832,0.7923876811981201,0.8852,0.8936,0.7635459768295288,7:58:50,cuda:0,0.001
66100,0.7511836984121049,0.8985838565514735,0.7942352365493774,0.8817,0.8936,0.7635459768295288,7:58:50,cuda:0,0.001
66200,0.7508347328752709,0.8987323545032045,0.7873200206756592,0.8844,0.8936,0.7635459768295288,7:58:50,cuda:0,0.001
66300,0.7504993624675146,0.8988752144268458,0.8101978260040283,0.8791,0.8936,0.7635459768295288,7:58:50,cuda:0,0.001
66400,0.7501714834218767,0.8990137572757542,0.8392464464187622,0.8683,0.8936,0.7635459768295288,7:58:50,cuda:0,0.001
66500,0.7498545951638064,0.8991510786494022,0.8065762385368347,0.8796,0.8936,0.7635459768295288,7:58:50,cuda:0,0.001
66600,0.7495171998529305,0.8992947794280647,0.8016527559280395,0.8818,0.8936,0.7635459768295288,7:58:50,cuda:0,0.001
66700,0.7491821619447221,0.8994371110002288,0.8086205011367797,0.8766,0.8936,0.7635459768295288,7:58:50,cuda:0,0.001
66800,0.7488480098420375,0.899579133092838,0.8083054166793823,0.877,0.8936,0.7635459768295288,7:58:50,cuda:0,0.001
66900,0.7485262549306183,0.8997181804580181,0.798010493850708,0.878,0.8936,0.7635459768295288,7:58:50,cuda:0,0.001
67000,0.7481905013395458,0.8998607596709587,0.8114845571517945,0.8779,0.8936,0.7635459768295288,7:58:50,cuda:0,0.001
67100,0.747847143791218,0.9000061766378579,0.7841260219573974,0.8876,0.8936,0.7635459768295288,7:58:50,cuda:0,0.001
67200,0.7475170886503587,0.9001447602379468,0.8073380875587464,0.8811,0.8936,0.7635459768295288,7:58:50,cuda:0,0.001
67300,0.7471974743646299,0.9002806325433358,0.8029564441680909,0.8789,0.8936,0.7635459768295288,7:58:50,cuda:0,0.001
67400,0.7468696804711858,0.9004201380380625,0.779798843383789,0.8878,0.8936,0.7635459768295288,7:58:50,cuda:0,0.001
67500,0.7465429459778288,0.9005584188458773,0.8144539979934693,0.8779,0.8936,0.7635459768295288,7:58:50,cuda:0,0.001
67600,0.7462301895342429,0.900691431670282,0.7966335369110107,0.8849,0.8936,0.7635459768295288,7:58:50,cuda:0,0.001
67700,0.7459192206743179,0.9008252339263966,0.7914996076583862,0.8836,0.8936,0.7635459768295288,7:58:50,cuda:0,0.001
67800,0.7455858124484259,0.900966572489938,0.7884345191955566,0.8861,0.8936,0.7635459768295288,7:58:50,cuda:0,0.001
67900,0.7452520365640244,0.9011081853510943,0.7875363665580749,0.8867,0.8936,0.7635459768295288,7:58:50,cuda:0,0.001
68000,0.7449166037769194,0.9012498413031359,0.8074572425842285,0.8801,0.8936,0.7635459768295288,7:58:50,cuda:0,0.001
68100,0.7446036875763309,0.9013847958609995,0.7979279783248902,0.8805,0.8936,0.7635459768295288,7:58:50,cuda:0,0.001
68200,0.7442746656514865,0.9015240255666078,0.8128683376312256,0.8777,0.8936,0.7635459768295288,7:58:50,cuda:0,0.001
68300,0.7439506895394705,0.9016620457384875,0.8029134740829468,0.8811,0.8936,0.7635459768295288,7:58:50,cuda:0,0.001
68400,0.7436400080903116,0.9017949746289461,0.825625668334961,0.8728,0.8936,0.7635459768295288,7:58:50,cuda:0,0.001
68500,0.7433320844909372,0.9019275484352939,0.7969384333610535,0.8807,0.8936,0.7635459768295288,7:58:50,cuda:0,0.001
68600,0.7430149016411436,0.9020614126281501,0.7957304723739624,0.8824,0.8936,0.7635459768295288,7:58:50,cuda:0,0.001
68700,0.7426894694094575,0.9021989844886839,0.7957263265609741,0.8832,0.8936,0.7635459768295288,7:58:50,cuda:0,0.001
68800,0.7423698439647087,0.9023341101652533,0.798191319656372,0.8836,0.8936,0.7635459768295288,7:58:50,cuda:0,0.001
68900,0.7420577387664454,0.902468879385487,0.79901483669281,0.882,0.8936,0.7635459768295288,7:58:50,cuda:0,0.001
69000,0.7417294456047084,0.9026079821571045,0.7902050678253174,0.8851,0.8936,0.7635459768295288,7:58:50,cuda:0,0.001
69100,0.7414060978551186,0.9027444185920186,0.8038674617767334,0.8819,0.8936,0.7635459768295288,7:58:50,cuda:0,0.001
69200,0.7410925797930058,0.9028782002603601,0.8117056746482849,0.8778,0.8936,0.7635459768295288,7:58:50,cuda:0,0.001
69300,0.7407838580001329,0.9030110701473432,0.8094334402084351,0.8779,0.8936,0.7635459768295288,7:58:50,cuda:0,0.001
69400,0.7404810922440971,0.9031392368892166,0.8004644445419311,0.8829,0.8936,0.7635459768295288,7:58:50,cuda:0,0.001
69500,0.740178804225966,0.9032684971654992,0.821986994934082,0.877,0.8936,0.7635459768295288,7:58:50,cuda:0,0.001
69600,0.7398853461890876,0.9033942805164361,0.8995357469558716,0.8477,0.8936,0.7635459768295288,7:58:50,cuda:0,0.001
69700,0.7395928727101663,0.9035188772048238,0.8183421685218811,0.8777,0.8936,0.7635459768295288,7:58:50,cuda:0,0.001
69800,0.739289586379508,0.9036471497148102,0.8027519021987916,0.8827,0.8936,0.7635459768295288,7:58:50,cuda:0,0.001
69900,0.73897942031277,0.9037772923028456,0.8133826301574707,0.8809,0.8936,0.7635459768295288,7:58:50,cuda:0,0.001
70000,0.7386883121273694,0.9039005149507302,0.832728719997406,0.8712,0.8936,0.7635459768295288,7:58:50,cuda:0,0.001
70100,0.7383774269380183,0.9040328251863831,0.8010095831871032,0.8815,0.8936,0.7635459768295288,7:58:50,cuda:0,0.001
70200,0.7380722805655469,0.9041621960500543,0.8133801826477051,0.874,0.8936,0.7635459768295288,7:58:50,cuda:0,0.001
70300,0.7377659738331034,0.9042918659265206,0.7965916739463806,0.8831,0.8936,0.7635459768295288,7:58:50,cuda:0,0.001
70400,0.7374563403002018,0.9044225457996545,0.8034702395439148,0.88,0.8936,0.7635459768295288,7:58:50,cuda:0,0.001
70500,0.737143527049312,0.9045535860066588,0.7829507156372071,0.8865,0.8936,0.7635459768295288,7:58:50,cuda:0,0.001
70600,0.7368348036961855,0.9046841438819851,0.8018917068481445,0.8834,0.8936,0.7635459768295288,7:58:50,cuda:0,0.001
70700,0.7365289486718575,0.9048131154126583,0.8102584880828857,0.8784,0.8936,0.7635459768295288,7:58:50,cuda:0,0.001
70800,0.7362349285773139,0.9049392302050843,0.8124870473861694,0.8789,0.8936,0.7635459768295288,7:58:50,cuda:0,0.001
70900,0.7359394318441101,0.9050650516619166,0.8251261087417603,0.871,0.8936,0.7635459768295288,7:58:50,cuda:0,0.001
71000,0.7356300032171491,0.9051959151665742,0.7822390230178833,0.8867,0.8936,0.7635459768295288,7:58:50,cuda:0,0.001
71100,0.7353232769920268,0.9053250904067645,0.8102970327377319,0.8824,0.8936,0.7635459768295288,7:58:50,cuda:0,0.001
71200,0.7350292003524578,0.905451207425553,0.8011316683769226,0.8795,0.8936,0.7635459768295288,7:58:50,cuda:0,0.001
71300,0.7347293463307933,0.9055775784312693,0.7969878659248352,0.8841,0.8936,0.7635459768295288,7:58:50,cuda:0,0.001
71400,0.7344300306279822,0.905703704644781,0.8237415633201599,0.8768,0.8936,0.7635459768295288,7:58:50,cuda:0,0.001
71500,0.7341450878519545,0.9058248842442717,0.7930574884414673,0.8858,0.8936,0.7635459768295288,7:58:50,cuda:0,0.001
71600,0.7338548560047851,0.9059480715899619,0.7942896074295044,0.8818,0.8936,0.7635459768295288,7:58:50,cuda:0,0.001
71700,0.7335639412215025,0.9060704264307864,0.8145981491088867,0.8786,0.8936,0.7635459768295288,7:58:50,cuda:0,0.001
71800,0.7332643829706952,0.9061983213646557,0.811072256565094,0.8752,0.8936,0.7635459768295288,7:58:50,cuda:0,0.001
71900,0.7329698500788964,0.9063232499621515,0.7991580549240113,0.8855,0.8936,0.7635459768295288,7:58:50,cuda:0,0.001
72000,0.7326944911068289,0.9064419130220208,0.8038036183357239,0.8802,0.8936,0.7635459768295288,7:58:50,cuda:0,0.001
72100,0.732404022556591,0.9065655064762883,0.8206082973480224,0.8762,0.8936,0.7635459768295288,7:58:50,cuda:0,0.001
72200,0.7321143419406566,0.9066884323185271,0.7969465780258179,0.8844,0.8936,0.7635459768295288,7:58:50,cuda:0,0.001
72300,0.7318203118606545,0.9068117749058588,0.8119640096664429,0.8808,0.8936,0.7635459768295288,7:58:50,cuda:0,0.001
72400,0.7315375710963907,0.9069333218699289,0.7937592916488647,0.882,0.8936,0.7635459768295288,7:58:50,cuda:0,0.001
72500,0.731255563502417,0.9070527506113524,0.8105396935462952,0.8778,0.8936,0.7635459768295288,7:58:50,cuda:0,0.001
72600,0.7309718905629403,0.9071734657123703,0.8040514282226563,0.8828,0.8936,0.7635459768295288,7:58:50,cuda:0,0.001
72700,0.730687747823678,0.9072944937897232,0.8150690019607544,0.8747,0.8936,0.7635459768295288,7:58:50,cuda:0,0.001
72800,0.7304068307744644,0.9074146042794534,0.7998090442657471,0.8831,0.8936,0.7635459768295288,7:58:50,cuda:0,0.001
72900,0.7301171751046073,0.9075364712949455,0.8094772190093994,0.8784,0.8936,0.7635459768295288,7:58:50,cuda:0,0.001
73000,0.7298342061073433,0.9076567186562687,0.8058304285049438,0.8783,0.8936,0.7635459768295288,7:58:50,cuda:0,0.001
73100,0.7295543182627686,0.9077748181429183,0.8214115442276001,0.876,0.8936,0.7635459768295288,7:58:50,cuda:0,0.001
73200,0.7292768782821063,0.9078934042905955,0.7917087189674378,0.8817,0.8936,0.7635459768295288,7:58:50,cuda:0,0.001
73300,0.728985247702435,0.9080162994775086,0.8096271948814392,0.8781,0.8936,0.7635459768295288,7:58:50,cuda:0,0.001
73400,0.7286998285279667,0.9081367287312473,0.8132412891387939,0.8813,0.8936,0.7635459768295288,7:58:50,cuda:0,0.001
73500,0.7284218332730055,0.9082537445931292,0.8168823160171509,0.8744,0.8936,0.7635459768295288,7:58:50,cuda:0,0.001
